ISO-10303-21;
HEADER;
/* Generated by software containing ST-Developer
 * from STEP Tools, Inc. (www.steptools.com) 
 */

FILE_DESCRIPTION(
/* description */ (''),
/* implementation_level */ '2;1');

FILE_NAME(
/* name */ '',
/* time_stamp */ '2026-06-08T11:27:06+02:00',
/* author */ (''),
/* organization */ (''),
/* preprocessor_version */ 'ST-DEVELOPER v20.1',
/* originating_system */ 'Autodesk Translation Framework v15.8.0.0',
/* authorisation */ '');

FILE_SCHEMA (('AUTOMOTIVE_DESIGN { 1 0 10303 214 3 1 1 }'));
ENDSEC;

DATA;
#10=MECHANICAL_DESIGN_GEOMETRIC_PRESENTATION_REPRESENTATION('',(#13,#14,
#15),#2403);
#11=SHAPE_REPRESENTATION_RELATIONSHIP('SRR','None',#2410,#12);
#12=ADVANCED_BREP_SHAPE_REPRESENTATION('',(#16,#17,#18),#2402);
#13=STYLED_ITEM('',(#2419),#16);
#14=STYLED_ITEM('',(#2419),#17);
#15=STYLED_ITEM('',(#2419),#18);
#16=MANIFOLD_SOLID_BREP('Body1',#1415);
#17=MANIFOLD_SOLID_BREP('Body2',#1416);
#18=MANIFOLD_SOLID_BREP('Body10',#1417);
#19=FACE_BOUND('',#169,.T.);
#20=FACE_BOUND('',#172,.T.);
#21=FACE_BOUND('',#175,.T.);
#22=FACE_BOUND('',#179,.T.);
#23=FACE_BOUND('',#230,.T.);
#24=FACE_BOUND('',#238,.T.);
#25=PLANE('',#1438);
#26=PLANE('',#1445);
#27=PLANE('',#1450);
#28=PLANE('',#1455);
#29=PLANE('',#1458);
#30=PLANE('',#1459);
#31=PLANE('',#1460);
#32=PLANE('',#1463);
#33=PLANE('',#1464);
#34=PLANE('',#1465);
#35=PLANE('',#1466);
#36=PLANE('',#1467);
#37=PLANE('',#1468);
#38=PLANE('',#1469);
#39=PLANE('',#1470);
#40=PLANE('',#1471);
#41=PLANE('',#1474);
#42=PLANE('',#1480);
#43=PLANE('',#1489);
#44=PLANE('',#1490);
#45=PLANE('',#1491);
#46=PLANE('',#1494);
#47=PLANE('',#1497);
#48=PLANE('',#1502);
#49=PLANE('',#1505);
#50=PLANE('',#1508);
#51=PLANE('',#1513);
#52=PLANE('',#1514);
#53=PLANE('',#1515);
#54=PLANE('',#1516);
#55=PLANE('',#1517);
#56=PLANE('',#1518);
#57=PLANE('',#1519);
#58=PLANE('',#1520);
#59=PLANE('',#1521);
#60=PLANE('',#1526);
#61=PLANE('',#1527);
#62=PLANE('',#1528);
#63=PLANE('',#1529);
#64=PLANE('',#1530);
#65=PLANE('',#1532);
#66=PLANE('',#1536);
#67=PLANE('',#1541);
#68=PLANE('',#1545);
#69=PLANE('',#1546);
#70=PLANE('',#1547);
#71=PLANE('',#1550);
#72=PLANE('',#1552);
#73=PLANE('',#1553);
#74=PLANE('',#1555);
#75=PLANE('',#1556);
#76=ELLIPSE('',#1434,24.1650011477759,17.5);
#77=ELLIPSE('',#1435,24.1650011477759,17.5);
#78=ELLIPSE('',#1436,24.1650011477759,17.5);
#79=ELLIPSE('',#1437,24.1650011477759,17.5);
#80=ELLIPSE('',#1439,22.4927996217088,15.);
#81=ELLIPSE('',#1442,22.4927996217088,15.);
#82=ELLIPSE('',#1443,22.4927996217088,15.);
#83=ELLIPSE('',#1444,22.4927996217088,15.);
#84=ELLIPSE('',#1461,22.5,15.);
#85=ELLIPSE('',#1462,22.5,15.);
#86=ELLIPSE('',#1472,22.5,15.);
#87=ELLIPSE('',#1473,22.5,15.);
#88=(
BOUNDED_SURFACE()
B_SPLINE_SURFACE(1,2,((#1967,#1968,#1969,#1970,#1971),(#1972,#1973,#1974,
#1975,#1976)),.UNSPECIFIED.,.F.,.F.,.F.)
B_SPLINE_SURFACE_WITH_KNOTS((2,2),(3,2,3),(0.,4.00082745325664),(0.0955740112635478,
1.54496547859184,2.99435694592012),.UNSPECIFIED.)
GEOMETRIC_REPRESENTATION_ITEM()
RATIONAL_B_SPLINE_SURFACE(((1.,0.748701157107077,1.,0.748701157107077,1.),
(1.,0.748701157107077,1.,0.748701157107077,1.)))
REPRESENTATION_ITEM('')
SURFACE()
);
#89=(
BOUNDED_SURFACE()
B_SPLINE_SURFACE(1,2,((#2006,#2007,#2008,#2009,#2010),(#2011,#2012,#2013,
#2014,#2015)),.UNSPECIFIED.,.F.,.F.,.F.)
B_SPLINE_SURFACE_WITH_KNOTS((2,2),(3,2,3),(0.,4.2982644057652),(0.111564629256863,
1.47851688018965,2.84546913112243),.UNSPECIFIED.)
GEOMETRIC_REPRESENTATION_ITEM()
RATIONAL_B_SPLINE_SURFACE(((1.,0.775382261833845,1.,0.775382261833845,1.),
(1.,0.775382261833845,1.,0.775382261833845,1.)))
REPRESENTATION_ITEM('')
SURFACE()
);
#90=(
BOUNDED_SURFACE()
B_SPLINE_SURFACE(1,2,((#2071,#2072,#2073),(#2074,#2075,#2076)),
 .UNSPECIFIED.,.F.,.F.,.F.)
B_SPLINE_SURFACE_WITH_KNOTS((2,2),(3,3),(0.,4.14844444444445),(-3.14159265358979,
-3.03002802965406),.UNSPECIFIED.)
GEOMETRIC_REPRESENTATION_ITEM()
RATIONAL_B_SPLINE_SURFACE(((1.,0.998444570230056,1.),(1.,0.998444570230056,
1.)))
REPRESENTATION_ITEM('')
SURFACE()
);
#91=(
BOUNDED_SURFACE()
B_SPLINE_SURFACE(1,2,((#2114,#2115,#2116,#2117,#2118),(#2119,#2120,#2121,
#2122,#2123)),.UNSPECIFIED.,.F.,.F.,.F.)
B_SPLINE_SURFACE_WITH_KNOTS((2,2),(3,2,3),(0.,4.14844444444445),(-3.14159265358979,
-1.79015093768043,-0.438709221771062),.UNSPECIFIED.)
GEOMETRIC_REPRESENTATION_ITEM()
RATIONAL_B_SPLINE_SURFACE(((1.,0.780256286128052,1.,0.780256286128052,1.),
(1.,0.780256286128052,1.,0.780256286128052,1.)))
REPRESENTATION_ITEM('')
SURFACE()
);
#92=FACE_OUTER_BOUND('',#166,.T.);
#93=FACE_OUTER_BOUND('',#167,.T.);
#94=FACE_OUTER_BOUND('',#168,.T.);
#95=FACE_OUTER_BOUND('',#170,.T.);
#96=FACE_OUTER_BOUND('',#171,.T.);
#97=FACE_OUTER_BOUND('',#173,.T.);
#98=FACE_OUTER_BOUND('',#174,.T.);
#99=FACE_OUTER_BOUND('',#176,.T.);
#100=FACE_OUTER_BOUND('',#177,.T.);
#101=FACE_OUTER_BOUND('',#178,.T.);
#102=FACE_OUTER_BOUND('',#180,.T.);
#103=FACE_OUTER_BOUND('',#181,.T.);
#104=FACE_OUTER_BOUND('',#182,.T.);
#105=FACE_OUTER_BOUND('',#183,.T.);
#106=FACE_OUTER_BOUND('',#184,.T.);
#107=FACE_OUTER_BOUND('',#185,.T.);
#108=FACE_OUTER_BOUND('',#186,.T.);
#109=FACE_OUTER_BOUND('',#187,.T.);
#110=FACE_OUTER_BOUND('',#188,.T.);
#111=FACE_OUTER_BOUND('',#189,.T.);
#112=FACE_OUTER_BOUND('',#190,.T.);
#113=FACE_OUTER_BOUND('',#191,.T.);
#114=FACE_OUTER_BOUND('',#192,.T.);
#115=FACE_OUTER_BOUND('',#193,.T.);
#116=FACE_OUTER_BOUND('',#194,.T.);
#117=FACE_OUTER_BOUND('',#195,.T.);
#118=FACE_OUTER_BOUND('',#196,.T.);
#119=FACE_OUTER_BOUND('',#197,.T.);
#120=FACE_OUTER_BOUND('',#198,.T.);
#121=FACE_OUTER_BOUND('',#199,.T.);
#122=FACE_OUTER_BOUND('',#200,.T.);
#123=FACE_OUTER_BOUND('',#201,.T.);
#124=FACE_OUTER_BOUND('',#202,.T.);
#125=FACE_OUTER_BOUND('',#203,.T.);
#126=FACE_OUTER_BOUND('',#204,.T.);
#127=FACE_OUTER_BOUND('',#205,.T.);
#128=FACE_OUTER_BOUND('',#206,.T.);
#129=FACE_OUTER_BOUND('',#207,.T.);
#130=FACE_OUTER_BOUND('',#208,.T.);
#131=FACE_OUTER_BOUND('',#209,.T.);
#132=FACE_OUTER_BOUND('',#210,.T.);
#133=FACE_OUTER_BOUND('',#211,.T.);
#134=FACE_OUTER_BOUND('',#212,.T.);
#135=FACE_OUTER_BOUND('',#213,.T.);
#136=FACE_OUTER_BOUND('',#214,.T.);
#137=FACE_OUTER_BOUND('',#215,.T.);
#138=FACE_OUTER_BOUND('',#216,.T.);
#139=FACE_OUTER_BOUND('',#217,.T.);
#140=FACE_OUTER_BOUND('',#218,.T.);
#141=FACE_OUTER_BOUND('',#219,.T.);
#142=FACE_OUTER_BOUND('',#220,.T.);
#143=FACE_OUTER_BOUND('',#221,.T.);
#144=FACE_OUTER_BOUND('',#222,.T.);
#145=FACE_OUTER_BOUND('',#223,.T.);
#146=FACE_OUTER_BOUND('',#224,.T.);
#147=FACE_OUTER_BOUND('',#225,.T.);
#148=FACE_OUTER_BOUND('',#226,.T.);
#149=FACE_OUTER_BOUND('',#227,.T.);
#150=FACE_OUTER_BOUND('',#228,.T.);
#151=FACE_OUTER_BOUND('',#229,.T.);
#152=FACE_OUTER_BOUND('',#231,.T.);
#153=FACE_OUTER_BOUND('',#232,.T.);
#154=FACE_OUTER_BOUND('',#233,.T.);
#155=FACE_OUTER_BOUND('',#234,.T.);
#156=FACE_OUTER_BOUND('',#235,.T.);
#157=FACE_OUTER_BOUND('',#236,.T.);
#158=FACE_OUTER_BOUND('',#237,.T.);
#159=FACE_OUTER_BOUND('',#239,.T.);
#160=FACE_OUTER_BOUND('',#240,.T.);
#161=FACE_OUTER_BOUND('',#241,.T.);
#162=FACE_OUTER_BOUND('',#242,.T.);
#163=FACE_OUTER_BOUND('',#243,.T.);
#164=FACE_OUTER_BOUND('',#244,.T.);
#165=FACE_OUTER_BOUND('',#245,.T.);
#166=EDGE_LOOP('',(#918,#919,#920,#921));
#167=EDGE_LOOP('',(#922,#923,#924,#925,#926,#927,#928,#929));
#168=EDGE_LOOP('',(#930,#931,#932,#933,#934,#935,#936,#937));
#169=EDGE_LOOP('',(#938));
#170=EDGE_LOOP('',(#939,#940,#941,#942,#943,#944,#945,#946,#947,#948));
#171=EDGE_LOOP('',(#949,#950,#951,#952,#953,#954,#955,#956));
#172=EDGE_LOOP('',(#957));
#173=EDGE_LOOP('',(#958,#959,#960,#961));
#174=EDGE_LOOP('',(#962,#963,#964,#965));
#175=EDGE_LOOP('',(#966));
#176=EDGE_LOOP('',(#967,#968,#969,#970));
#177=EDGE_LOOP('',(#971,#972,#973,#974));
#178=EDGE_LOOP('',(#975,#976,#977,#978));
#179=EDGE_LOOP('',(#979));
#180=EDGE_LOOP('',(#980,#981,#982,#983));
#181=EDGE_LOOP('',(#984,#985,#986,#987));
#182=EDGE_LOOP('',(#988,#989,#990,#991));
#183=EDGE_LOOP('',(#992,#993,#994,#995));
#184=EDGE_LOOP('',(#996,#997,#998,#999));
#185=EDGE_LOOP('',(#1000,#1001,#1002,#1003));
#186=EDGE_LOOP('',(#1004,#1005,#1006,#1007,#1008,#1009));
#187=EDGE_LOOP('',(#1010,#1011,#1012,#1013,#1014,#1015));
#188=EDGE_LOOP('',(#1016,#1017,#1018,#1019,#1020,#1021,#1022,#1023));
#189=EDGE_LOOP('',(#1024,#1025,#1026,#1027));
#190=EDGE_LOOP('',(#1028,#1029,#1030,#1031));
#191=EDGE_LOOP('',(#1032,#1033,#1034,#1035));
#192=EDGE_LOOP('',(#1036,#1037,#1038,#1039));
#193=EDGE_LOOP('',(#1040,#1041,#1042,#1043));
#194=EDGE_LOOP('',(#1044,#1045,#1046,#1047));
#195=EDGE_LOOP('',(#1048,#1049,#1050,#1051,#1052,#1053,#1054,#1055,#1056,
#1057,#1058,#1059,#1060,#1061));
#196=EDGE_LOOP('',(#1062,#1063,#1064,#1065,#1066,#1067,#1068,#1069,#1070,
#1071,#1072,#1073,#1074,#1075));
#197=EDGE_LOOP('',(#1076,#1077,#1078,#1079,#1080,#1081,#1082,#1083));
#198=EDGE_LOOP('',(#1084,#1085,#1086,#1087));
#199=EDGE_LOOP('',(#1088,#1089,#1090,#1091));
#200=EDGE_LOOP('',(#1092,#1093,#1094,#1095));
#201=EDGE_LOOP('',(#1096,#1097,#1098,#1099));
#202=EDGE_LOOP('',(#1100,#1101,#1102,#1103,#1104,#1105,#1106,#1107,#1108,
#1109,#1110,#1111));
#203=EDGE_LOOP('',(#1112,#1113,#1114,#1115));
#204=EDGE_LOOP('',(#1116,#1117,#1118,#1119));
#205=EDGE_LOOP('',(#1120,#1121,#1122,#1123));
#206=EDGE_LOOP('',(#1124,#1125,#1126,#1127));
#207=EDGE_LOOP('',(#1128,#1129,#1130,#1131));
#208=EDGE_LOOP('',(#1132,#1133,#1134,#1135));
#209=EDGE_LOOP('',(#1136,#1137,#1138,#1139,#1140,#1141,#1142,#1143));
#210=EDGE_LOOP('',(#1144,#1145,#1146,#1147));
#211=EDGE_LOOP('',(#1148,#1149,#1150,#1151));
#212=EDGE_LOOP('',(#1152,#1153,#1154,#1155));
#213=EDGE_LOOP('',(#1156,#1157,#1158,#1159));
#214=EDGE_LOOP('',(#1160,#1161,#1162,#1163));
#215=EDGE_LOOP('',(#1164,#1165,#1166,#1167));
#216=EDGE_LOOP('',(#1168,#1169,#1170,#1171,#1172,#1173));
#217=EDGE_LOOP('',(#1174,#1175,#1176,#1177,#1178,#1179));
#218=EDGE_LOOP('',(#1180,#1181,#1182,#1183));
#219=EDGE_LOOP('',(#1184,#1185,#1186,#1187,#1188,#1189,#1190,#1191));
#220=EDGE_LOOP('',(#1192,#1193,#1194,#1195,#1196,#1197,#1198,#1199));
#221=EDGE_LOOP('',(#1200,#1201,#1202,#1203));
#222=EDGE_LOOP('',(#1204,#1205,#1206,#1207));
#223=EDGE_LOOP('',(#1208,#1209,#1210,#1211,#1212,#1213));
#224=EDGE_LOOP('',(#1214,#1215,#1216,#1217));
#225=EDGE_LOOP('',(#1218,#1219,#1220,#1221));
#226=EDGE_LOOP('',(#1222,#1223,#1224,#1225));
#227=EDGE_LOOP('',(#1226,#1227,#1228,#1229,#1230,#1231,#1232,#1233));
#228=EDGE_LOOP('',(#1234,#1235,#1236,#1237,#1238,#1239,#1240));
#229=EDGE_LOOP('',(#1241,#1242,#1243,#1244,#1245,#1246,#1247));
#230=EDGE_LOOP('',(#1248));
#231=EDGE_LOOP('',(#1249,#1250,#1251,#1252));
#232=EDGE_LOOP('',(#1253,#1254,#1255,#1256,#1257,#1258));
#233=EDGE_LOOP('',(#1259,#1260,#1261,#1262));
#234=EDGE_LOOP('',(#1263,#1264,#1265,#1266,#1267,#1268,#1269,#1270));
#235=EDGE_LOOP('',(#1271,#1272,#1273,#1274,#1275,#1276,#1277));
#236=EDGE_LOOP('',(#1278,#1279,#1280,#1281));
#237=EDGE_LOOP('',(#1282,#1283,#1284,#1285,#1286,#1287,#1288));
#238=EDGE_LOOP('',(#1289));
#239=EDGE_LOOP('',(#1290,#1291,#1292,#1293,#1294,#1295,#1296,#1297));
#240=EDGE_LOOP('',(#1298,#1299,#1300,#1301));
#241=EDGE_LOOP('',(#1302,#1303,#1304,#1305));
#242=EDGE_LOOP('',(#1306,#1307,#1308,#1309));
#243=EDGE_LOOP('',(#1310,#1311,#1312,#1313));
#244=EDGE_LOOP('',(#1314,#1315,#1316,#1317));
#245=EDGE_LOOP('',(#1318,#1319,#1320,#1321));
#246=CIRCLE('',#1432,3.202);
#247=CIRCLE('',#1433,3.202);
#248=CIRCLE('',#1440,2.70211150548757);
#249=CIRCLE('',#1441,0.999999999999996);
#250=CIRCLE('',#1446,2.70211150548757);
#251=CIRCLE('',#1447,0.999999999999996);
#252=CIRCLE('',#1449,2.70211150548757);
#253=CIRCLE('',#1451,0.999999999999996);
#254=CIRCLE('',#1454,0.999999999999996);
#255=CIRCLE('',#1456,2.70211150548757);
#256=CIRCLE('',#1475,6.5);
#257=CIRCLE('',#1476,5.);
#258=CIRCLE('',#1477,5.);
#259=CIRCLE('',#1478,6.5);
#260=CIRCLE('',#1479,3.202);
#261=CIRCLE('',#1481,3.202);
#262=CIRCLE('',#1482,6.5);
#263=CIRCLE('',#1483,5.);
#264=CIRCLE('',#1484,5.);
#265=CIRCLE('',#1485,6.5);
#266=CIRCLE('',#1487,3.202);
#267=CIRCLE('',#1488,3.202);
#268=CIRCLE('',#1493,5.);
#269=CIRCLE('',#1496,5.);
#270=CIRCLE('',#1499,5.);
#271=CIRCLE('',#1501,5.);
#272=CIRCLE('',#1504,6.5);
#273=CIRCLE('',#1507,6.5);
#274=CIRCLE('',#1510,6.5);
#275=CIRCLE('',#1512,6.5);
#276=CIRCLE('',#1523,3.202);
#277=CIRCLE('',#1524,3.202);
#278=CIRCLE('',#1525,3.202);
#279=CIRCLE('',#1531,1.67);
#280=CIRCLE('',#1533,2.70211150548757);
#281=CIRCLE('',#1534,1.67);
#282=CIRCLE('',#1535,0.999999999999996);
#283=CIRCLE('',#1538,3.202);
#284=CIRCLE('',#1539,3.202);
#285=CIRCLE('',#1540,3.202);
#286=CIRCLE('',#1543,1.67);
#287=CIRCLE('',#1544,1.67);
#288=CIRCLE('',#1548,2.70211150548757);
#289=CIRCLE('',#1549,0.999999999999996);
#290=LINE('',#1961,#436);
#291=LINE('',#1965,#437);
#292=LINE('',#1982,#438);
#293=LINE('',#1986,#439);
#294=LINE('',#1989,#440);
#295=LINE('',#1995,#441);
#296=LINE('',#1997,#442);
#297=LINE('',#1999,#443);
#298=LINE('',#2001,#444);
#299=LINE('',#2002,#445);
#300=LINE('',#2019,#446);
#301=LINE('',#2023,#447);
#302=LINE('',#2025,#448);
#303=LINE('',#2026,#449);
#304=LINE('',#2028,#450);
#305=LINE('',#2033,#451);
#306=LINE('',#2035,#452);
#307=LINE('',#2037,#453);
#308=LINE('',#2039,#454);
#309=LINE('',#2040,#455);
#310=LINE('',#2049,#456);
#311=LINE('',#2053,#457);
#312=LINE('',#2059,#458);
#313=LINE('',#2061,#459);
#314=LINE('',#2062,#460);
#315=LINE('',#2065,#461);
#316=LINE('',#2066,#462);
#317=LINE('',#2069,#463);
#318=LINE('',#2070,#464);
#319=LINE('',#2080,#465);
#320=LINE('',#2085,#466);
#321=LINE('',#2087,#467);
#322=LINE('',#2089,#468);
#323=LINE('',#2090,#469);
#324=LINE('',#2092,#470);
#325=LINE('',#2093,#471);
#326=LINE('',#2095,#472);
#327=LINE('',#2096,#473);
#328=LINE('',#2098,#474);
#329=LINE('',#2100,#475);
#330=LINE('',#2102,#476);
#331=LINE('',#2108,#477);
#332=LINE('',#2110,#478);
#333=LINE('',#2112,#479);
#334=LINE('',#2113,#480);
#335=LINE('',#2127,#481);
#336=LINE('',#2131,#482);
#337=LINE('',#2133,#483);
#338=LINE('',#2135,#484);
#339=LINE('',#2139,#485);
#340=LINE('',#2143,#486);
#341=LINE('',#2147,#487);
#342=LINE('',#2151,#488);
#343=LINE('',#2157,#489);
#344=LINE('',#2161,#490);
#345=LINE('',#2165,#491);
#346=LINE('',#2169,#492);
#347=LINE('',#2173,#493);
#348=LINE('',#2175,#494);
#349=LINE('',#2176,#495);
#350=LINE('',#2179,#496);
#351=LINE('',#2183,#497);
#352=LINE('',#2186,#498);
#353=LINE('',#2189,#499);
#354=LINE('',#2190,#500);
#355=LINE('',#2193,#501);
#356=LINE('',#2195,#502);
#357=LINE('',#2196,#503);
#358=LINE('',#2199,#504);
#359=LINE('',#2201,#505);
#360=LINE('',#2202,#506);
#361=LINE('',#2207,#507);
#362=LINE('',#2208,#508);
#363=LINE('',#2210,#509);
#364=LINE('',#2212,#510);
#365=LINE('',#2213,#511);
#366=LINE('',#2215,#512);
#367=LINE('',#2217,#513);
#368=LINE('',#2219,#514);
#369=LINE('',#2221,#515);
#370=LINE('',#2222,#516);
#371=LINE('',#2226,#517);
#372=LINE('',#2229,#518);
#373=LINE('',#2230,#519);
#374=LINE('',#2234,#520);
#375=LINE('',#2238,#521);
#376=LINE('',#2241,#522);
#377=LINE('',#2242,#523);
#378=LINE('',#2245,#524);
#379=LINE('',#2248,#525);
#380=LINE('',#2250,#526);
#381=LINE('',#2252,#527);
#382=LINE('',#2254,#528);
#383=LINE('',#2256,#529);
#384=LINE('',#2257,#530);
#385=LINE('',#2262,#531);
#386=LINE('',#2263,#532);
#387=LINE('',#2269,#533);
#388=LINE('',#2271,#534);
#389=LINE('',#2273,#535);
#390=LINE('',#2275,#536);
#391=LINE('',#2277,#537);
#392=LINE('',#2282,#538);
#393=LINE('',#2287,#539);
#394=LINE('',#2291,#540);
#395=LINE('',#2295,#541);
#396=LINE('',#2299,#542);
#397=LINE('',#2301,#543);
#398=LINE('',#2302,#544);
#399=LINE('',#2306,#545);
#400=LINE('',#2307,#546);
#401=LINE('',#2308,#547);
#402=LINE('',#2311,#548);
#403=LINE('',#2313,#549);
#404=LINE('',#2314,#550);
#405=LINE('',#2317,#551);
#406=LINE('',#2319,#552);
#407=LINE('',#2321,#553);
#408=LINE('',#2323,#554);
#409=LINE('',#2325,#555);
#410=LINE('',#2326,#556);
#411=LINE('',#2331,#557);
#412=LINE('',#2332,#558);
#413=LINE('',#2338,#559);
#414=LINE('',#2340,#560);
#415=LINE('',#2346,#561);
#416=LINE('',#2348,#562);
#417=LINE('',#2350,#563);
#418=LINE('',#2351,#564);
#419=LINE('',#2355,#565);
#420=LINE('',#2360,#566);
#421=LINE('',#2363,#567);
#422=LINE('',#2364,#568);
#423=LINE('',#2367,#569);
#424=LINE('',#2371,#570);
#425=LINE('',#2374,#571);
#426=LINE('',#2375,#572);
#427=LINE('',#2378,#573);
#428=LINE('',#2379,#574);
#429=LINE('',#2383,#575);
#430=LINE('',#2388,#576);
#431=LINE('',#2389,#577);
#432=LINE('',#2390,#578);
#433=LINE('',#2393,#579);
#434=LINE('',#2395,#580);
#435=LINE('',#2397,#581);
#436=VECTOR('',#1561,10.);
#437=VECTOR('',#1564,10.);
#438=VECTOR('',#1571,10.);
#439=VECTOR('',#1574,10.);
#440=VECTOR('',#1577,10.);
#441=VECTOR('',#1582,10.);
#442=VECTOR('',#1583,10.);
#443=VECTOR('',#1584,10.);
#444=VECTOR('',#1585,10.);
#445=VECTOR('',#1586,10.);
#446=VECTOR('',#1593,10.);
#447=VECTOR('',#1596,10.);
#448=VECTOR('',#1597,10.);
#449=VECTOR('',#1598,10.);
#450=VECTOR('',#1599,10.);
#451=VECTOR('',#1606,10.);
#452=VECTOR('',#1607,10.);
#453=VECTOR('',#1608,10.);
#454=VECTOR('',#1609,10.);
#455=VECTOR('',#1610,10.);
#456=VECTOR('',#1623,0.999999999999996);
#457=VECTOR('',#1628,0.999999999999996);
#458=VECTOR('',#1637,10.);
#459=VECTOR('',#1638,10.);
#460=VECTOR('',#1639,10.);
#461=VECTOR('',#1642,10.);
#462=VECTOR('',#1643,10.);
#463=VECTOR('',#1646,10.);
#464=VECTOR('',#1647,10.);
#465=VECTOR('',#1650,10.);
#466=VECTOR('',#1655,10.);
#467=VECTOR('',#1656,10.);
#468=VECTOR('',#1657,10.);
#469=VECTOR('',#1658,10.);
#470=VECTOR('',#1661,10.);
#471=VECTOR('',#1662,10.);
#472=VECTOR('',#1665,10.);
#473=VECTOR('',#1666,10.);
#474=VECTOR('',#1669,10.);
#475=VECTOR('',#1672,10.);
#476=VECTOR('',#1675,10.);
#477=VECTOR('',#1682,10.);
#478=VECTOR('',#1683,10.);
#479=VECTOR('',#1684,10.);
#480=VECTOR('',#1685,10.);
#481=VECTOR('',#1688,10.);
#482=VECTOR('',#1693,10.);
#483=VECTOR('',#1694,10.);
#484=VECTOR('',#1695,10.);
#485=VECTOR('',#1698,10.);
#486=VECTOR('',#1701,10.);
#487=VECTOR('',#1704,10.);
#488=VECTOR('',#1707,10.);
#489=VECTOR('',#1714,10.);
#490=VECTOR('',#1717,10.);
#491=VECTOR('',#1720,10.);
#492=VECTOR('',#1723,10.);
#493=VECTOR('',#1726,10.);
#494=VECTOR('',#1727,10.);
#495=VECTOR('',#1728,10.);
#496=VECTOR('',#1731,10.);
#497=VECTOR('',#1734,10.);
#498=VECTOR('',#1737,10.);
#499=VECTOR('',#1740,10.);
#500=VECTOR('',#1741,10.);
#501=VECTOR('',#1744,10.);
#502=VECTOR('',#1745,10.);
#503=VECTOR('',#1746,10.);
#504=VECTOR('',#1749,10.);
#505=VECTOR('',#1750,10.);
#506=VECTOR('',#1751,10.);
#507=VECTOR('',#1756,10.);
#508=VECTOR('',#1757,10.);
#509=VECTOR('',#1760,10.);
#510=VECTOR('',#1761,10.);
#511=VECTOR('',#1762,10.);
#512=VECTOR('',#1763,10.);
#513=VECTOR('',#1764,10.);
#514=VECTOR('',#1765,10.);
#515=VECTOR('',#1766,10.);
#516=VECTOR('',#1767,10.);
#517=VECTOR('',#1772,10.);
#518=VECTOR('',#1775,10.);
#519=VECTOR('',#1776,10.);
#520=VECTOR('',#1781,10.);
#521=VECTOR('',#1786,10.);
#522=VECTOR('',#1789,10.);
#523=VECTOR('',#1790,10.);
#524=VECTOR('',#1793,10.);
#525=VECTOR('',#1796,10.);
#526=VECTOR('',#1799,10.);
#527=VECTOR('',#1800,10.);
#528=VECTOR('',#1801,10.);
#529=VECTOR('',#1802,10.);
#530=VECTOR('',#1803,10.);
#531=VECTOR('',#1810,10.);
#532=VECTOR('',#1811,10.);
#533=VECTOR('',#1820,10.);
#534=VECTOR('',#1823,10.);
#535=VECTOR('',#1826,10.);
#536=VECTOR('',#1829,10.);
#537=VECTOR('',#1832,10.);
#538=VECTOR('',#1841,10.);
#539=VECTOR('',#1846,10.);
#540=VECTOR('',#1849,10.);
#541=VECTOR('',#1852,10.);
#542=VECTOR('',#1857,10.);
#543=VECTOR('',#1858,10.);
#544=VECTOR('',#1859,10.);
#545=VECTOR('',#1862,10.);
#546=VECTOR('',#1863,10.);
#547=VECTOR('',#1864,10.);
#548=VECTOR('',#1867,10.);
#549=VECTOR('',#1868,10.);
#550=VECTOR('',#1869,10.);
#551=VECTOR('',#1872,10.);
#552=VECTOR('',#1873,10.);
#553=VECTOR('',#1874,10.);
#554=VECTOR('',#1875,10.);
#555=VECTOR('',#1876,10.);
#556=VECTOR('',#1877,10.);
#557=VECTOR('',#1882,10.);
#558=VECTOR('',#1883,10.);
#559=VECTOR('',#1888,10.);
#560=VECTOR('',#1891,10.);
#561=VECTOR('',#1896,10.);
#562=VECTOR('',#1897,10.);
#563=VECTOR('',#1898,10.);
#564=VECTOR('',#1899,10.);
#565=VECTOR('',#1902,10.);
#566=VECTOR('',#1907,10.);
#567=VECTOR('',#1912,10.);
#568=VECTOR('',#1913,10.);
#569=VECTOR('',#1916,10.);
#570=VECTOR('',#1921,10.);
#571=VECTOR('',#1924,10.);
#572=VECTOR('',#1925,10.);
#573=VECTOR('',#1928,10.);
#574=VECTOR('',#1929,10.);
#575=VECTOR('',#1934,10.);
#576=VECTOR('',#1939,10.);
#577=VECTOR('',#1940,10.);
#578=VECTOR('',#1941,10.);
#579=VECTOR('',#1946,10.);
#580=VECTOR('',#1949,10.);
#581=VECTOR('',#1952,0.999999999999996);
#582=VERTEX_POINT('',#1959);
#583=VERTEX_POINT('',#1960);
#584=VERTEX_POINT('',#1962);
#585=VERTEX_POINT('',#1964);
#586=VERTEX_POINT('',#1977);
#587=VERTEX_POINT('',#1979);
#588=VERTEX_POINT('',#1981);
#589=VERTEX_POINT('',#1983);
#590=VERTEX_POINT('',#1985);
#591=VERTEX_POINT('',#1987);
#592=VERTEX_POINT('',#1991);
#593=VERTEX_POINT('',#1992);
#594=VERTEX_POINT('',#1994);
#595=VERTEX_POINT('',#1996);
#596=VERTEX_POINT('',#1998);
#597=VERTEX_POINT('',#2000);
#598=VERTEX_POINT('',#2004);
#599=VERTEX_POINT('',#2016);
#600=VERTEX_POINT('',#2018);
#601=VERTEX_POINT('',#2020);
#602=VERTEX_POINT('',#2022);
#603=VERTEX_POINT('',#2024);
#604=VERTEX_POINT('',#2027);
#605=VERTEX_POINT('',#2032);
#606=VERTEX_POINT('',#2034);
#607=VERTEX_POINT('',#2036);
#608=VERTEX_POINT('',#2038);
#609=VERTEX_POINT('',#2041);
#610=VERTEX_POINT('',#2046);
#611=VERTEX_POINT('',#2051);
#612=VERTEX_POINT('',#2058);
#613=VERTEX_POINT('',#2060);
#614=VERTEX_POINT('',#2064);
#615=VERTEX_POINT('',#2068);
#616=VERTEX_POINT('',#2077);
#617=VERTEX_POINT('',#2079);
#618=VERTEX_POINT('',#2083);
#619=VERTEX_POINT('',#2084);
#620=VERTEX_POINT('',#2086);
#621=VERTEX_POINT('',#2088);
#622=VERTEX_POINT('',#2106);
#623=VERTEX_POINT('',#2107);
#624=VERTEX_POINT('',#2109);
#625=VERTEX_POINT('',#2111);
#626=VERTEX_POINT('',#2124);
#627=VERTEX_POINT('',#2126);
#628=VERTEX_POINT('',#2130);
#629=VERTEX_POINT('',#2132);
#630=VERTEX_POINT('',#2134);
#631=VERTEX_POINT('',#2136);
#632=VERTEX_POINT('',#2138);
#633=VERTEX_POINT('',#2140);
#634=VERTEX_POINT('',#2142);
#635=VERTEX_POINT('',#2144);
#636=VERTEX_POINT('',#2146);
#637=VERTEX_POINT('',#2148);
#638=VERTEX_POINT('',#2150);
#639=VERTEX_POINT('',#2154);
#640=VERTEX_POINT('',#2156);
#641=VERTEX_POINT('',#2158);
#642=VERTEX_POINT('',#2160);
#643=VERTEX_POINT('',#2162);
#644=VERTEX_POINT('',#2164);
#645=VERTEX_POINT('',#2166);
#646=VERTEX_POINT('',#2168);
#647=VERTEX_POINT('',#2170);
#648=VERTEX_POINT('',#2172);
#649=VERTEX_POINT('',#2174);
#650=VERTEX_POINT('',#2178);
#651=VERTEX_POINT('',#2180);
#652=VERTEX_POINT('',#2182);
#653=VERTEX_POINT('',#2184);
#654=VERTEX_POINT('',#2188);
#655=VERTEX_POINT('',#2192);
#656=VERTEX_POINT('',#2194);
#657=VERTEX_POINT('',#2198);
#658=VERTEX_POINT('',#2200);
#659=VERTEX_POINT('',#2204);
#660=VERTEX_POINT('',#2205);
#661=VERTEX_POINT('',#2211);
#662=VERTEX_POINT('',#2214);
#663=VERTEX_POINT('',#2216);
#664=VERTEX_POINT('',#2218);
#665=VERTEX_POINT('',#2220);
#666=VERTEX_POINT('',#2224);
#667=VERTEX_POINT('',#2228);
#668=VERTEX_POINT('',#2232);
#669=VERTEX_POINT('',#2236);
#670=VERTEX_POINT('',#2240);
#671=VERTEX_POINT('',#2244);
#672=VERTEX_POINT('',#2246);
#673=VERTEX_POINT('',#2251);
#674=VERTEX_POINT('',#2253);
#675=VERTEX_POINT('',#2255);
#676=VERTEX_POINT('',#2261);
#677=VERTEX_POINT('',#2267);
#678=VERTEX_POINT('',#2285);
#679=VERTEX_POINT('',#2286);
#680=VERTEX_POINT('',#2288);
#681=VERTEX_POINT('',#2290);
#682=VERTEX_POINT('',#2292);
#683=VERTEX_POINT('',#2294);
#684=VERTEX_POINT('',#2298);
#685=VERTEX_POINT('',#2300);
#686=VERTEX_POINT('',#2304);
#687=VERTEX_POINT('',#2305);
#688=VERTEX_POINT('',#2310);
#689=VERTEX_POINT('',#2312);
#690=VERTEX_POINT('',#2316);
#691=VERTEX_POINT('',#2318);
#692=VERTEX_POINT('',#2320);
#693=VERTEX_POINT('',#2322);
#694=VERTEX_POINT('',#2324);
#695=VERTEX_POINT('',#2328);
#696=VERTEX_POINT('',#2330);
#697=VERTEX_POINT('',#2334);
#698=VERTEX_POINT('',#2335);
#699=VERTEX_POINT('',#2337);
#700=VERTEX_POINT('',#2341);
#701=VERTEX_POINT('',#2344);
#702=VERTEX_POINT('',#2345);
#703=VERTEX_POINT('',#2347);
#704=VERTEX_POINT('',#2349);
#705=VERTEX_POINT('',#2353);
#706=VERTEX_POINT('',#2354);
#707=VERTEX_POINT('',#2357);
#708=VERTEX_POINT('',#2359);
#709=VERTEX_POINT('',#2366);
#710=VERTEX_POINT('',#2369);
#711=VERTEX_POINT('',#2373);
#712=VERTEX_POINT('',#2377);
#713=VERTEX_POINT('',#2381);
#714=VERTEX_POINT('',#2384);
#715=VERTEX_POINT('',#2387);
#716=EDGE_CURVE('',#582,#583,#290,.T.);
#717=EDGE_CURVE('',#582,#584,#246,.T.);
#718=EDGE_CURVE('',#585,#584,#291,.T.);
#719=EDGE_CURVE('',#585,#583,#247,.T.);
#720=EDGE_CURVE('',#586,#585,#76,.T.);
#721=EDGE_CURVE('',#584,#587,#77,.T.);
#722=EDGE_CURVE('',#587,#588,#292,.T.);
#723=EDGE_CURVE('',#589,#588,#78,.T.);
#724=EDGE_CURVE('',#590,#589,#293,.T.);
#725=EDGE_CURVE('',#591,#590,#79,.T.);
#726=EDGE_CURVE('',#591,#586,#294,.T.);
#727=EDGE_CURVE('',#592,#593,#80,.T.);
#728=EDGE_CURVE('',#593,#594,#295,.T.);
#729=EDGE_CURVE('',#595,#594,#296,.T.);
#730=EDGE_CURVE('',#596,#595,#297,.T.);
#731=EDGE_CURVE('',#596,#597,#298,.T.);
#732=EDGE_CURVE('',#597,#589,#299,.T.);
#733=EDGE_CURVE('',#588,#592,#248,.T.);
#734=EDGE_CURVE('',#598,#598,#249,.T.);
#735=EDGE_CURVE('',#583,#599,#81,.T.);
#736=EDGE_CURVE('',#599,#600,#300,.T.);
#737=EDGE_CURVE('',#600,#601,#82,.T.);
#738=EDGE_CURVE('',#602,#601,#301,.T.);
#739=EDGE_CURVE('',#602,#603,#302,.T.);
#740=EDGE_CURVE('',#593,#603,#303,.T.);
#741=EDGE_CURVE('',#592,#604,#304,.T.);
#742=EDGE_CURVE('',#604,#582,#83,.T.);
#743=EDGE_CURVE('',#591,#600,#250,.T.);
#744=EDGE_CURVE('',#605,#590,#305,.T.);
#745=EDGE_CURVE('',#605,#606,#306,.T.);
#746=EDGE_CURVE('',#606,#607,#307,.T.);
#747=EDGE_CURVE('',#608,#607,#308,.T.);
#748=EDGE_CURVE('',#601,#608,#309,.T.);
#749=EDGE_CURVE('',#609,#609,#251,.T.);
#750=EDGE_CURVE('',#587,#604,#252,.T.);
#751=EDGE_CURVE('',#610,#610,#253,.T.);
#752=EDGE_CURVE('',#598,#610,#310,.T.);
#753=EDGE_CURVE('',#611,#611,#254,.T.);
#754=EDGE_CURVE('',#611,#609,#311,.T.);
#755=EDGE_CURVE('',#586,#599,#255,.T.);
#756=EDGE_CURVE('',#612,#603,#312,.T.);
#757=EDGE_CURVE('',#602,#613,#313,.T.);
#758=EDGE_CURVE('',#613,#612,#314,.T.);
#759=EDGE_CURVE('',#603,#614,#315,.T.);
#760=EDGE_CURVE('',#594,#614,#316,.T.);
#761=EDGE_CURVE('',#615,#608,#317,.T.);
#762=EDGE_CURVE('',#615,#602,#318,.T.);
#763=EDGE_CURVE('',#613,#616,#84,.T.);
#764=EDGE_CURVE('',#617,#616,#319,.T.);
#765=EDGE_CURVE('',#617,#612,#85,.T.);
#766=EDGE_CURVE('',#618,#619,#320,.T.);
#767=EDGE_CURVE('',#618,#620,#321,.T.);
#768=EDGE_CURVE('',#621,#620,#322,.T.);
#769=EDGE_CURVE('',#619,#621,#323,.T.);
#770=EDGE_CURVE('',#619,#617,#324,.T.);
#771=EDGE_CURVE('',#614,#621,#325,.T.);
#772=EDGE_CURVE('',#616,#618,#326,.T.);
#773=EDGE_CURVE('',#620,#615,#327,.T.);
#774=EDGE_CURVE('',#607,#595,#328,.T.);
#775=EDGE_CURVE('',#606,#596,#329,.T.);
#776=EDGE_CURVE('',#597,#605,#330,.T.);
#777=EDGE_CURVE('',#622,#623,#331,.T.);
#778=EDGE_CURVE('',#624,#622,#332,.T.);
#779=EDGE_CURVE('',#625,#624,#333,.T.);
#780=EDGE_CURVE('',#623,#625,#334,.T.);
#781=EDGE_CURVE('',#626,#623,#86,.T.);
#782=EDGE_CURVE('',#626,#627,#335,.T.);
#783=EDGE_CURVE('',#622,#627,#87,.T.);
#784=EDGE_CURVE('',#627,#628,#336,.T.);
#785=EDGE_CURVE('',#628,#629,#337,.T.);
#786=EDGE_CURVE('',#630,#629,#338,.T.);
#787=EDGE_CURVE('',#631,#630,#256,.T.);
#788=EDGE_CURVE('',#631,#632,#339,.T.);
#789=EDGE_CURVE('',#633,#632,#257,.T.);
#790=EDGE_CURVE('',#633,#634,#340,.T.);
#791=EDGE_CURVE('',#635,#634,#258,.T.);
#792=EDGE_CURVE('',#635,#636,#341,.T.);
#793=EDGE_CURVE('',#637,#636,#259,.T.);
#794=EDGE_CURVE('',#638,#637,#342,.T.);
#795=EDGE_CURVE('',#638,#624,#260,.T.);
#796=EDGE_CURVE('',#625,#639,#261,.T.);
#797=EDGE_CURVE('',#640,#639,#343,.T.);
#798=EDGE_CURVE('',#641,#640,#262,.T.);
#799=EDGE_CURVE('',#641,#642,#344,.T.);
#800=EDGE_CURVE('',#643,#642,#263,.T.);
#801=EDGE_CURVE('',#643,#644,#345,.T.);
#802=EDGE_CURVE('',#645,#644,#264,.T.);
#803=EDGE_CURVE('',#645,#646,#346,.T.);
#804=EDGE_CURVE('',#647,#646,#265,.T.);
#805=EDGE_CURVE('',#648,#647,#347,.T.);
#806=EDGE_CURVE('',#649,#648,#348,.T.);
#807=EDGE_CURVE('',#649,#626,#349,.T.);
#808=EDGE_CURVE('',#650,#638,#350,.T.);
#809=EDGE_CURVE('',#651,#650,#266,.T.);
#810=EDGE_CURVE('',#652,#651,#351,.T.);
#811=EDGE_CURVE('',#653,#652,#267,.T.);
#812=EDGE_CURVE('',#639,#653,#352,.T.);
#813=EDGE_CURVE('',#654,#637,#353,.T.);
#814=EDGE_CURVE('',#654,#650,#354,.T.);
#815=EDGE_CURVE('',#655,#651,#355,.T.);
#816=EDGE_CURVE('',#656,#655,#356,.T.);
#817=EDGE_CURVE('',#652,#656,#357,.T.);
#818=EDGE_CURVE('',#655,#657,#358,.T.);
#819=EDGE_CURVE('',#657,#658,#359,.T.);
#820=EDGE_CURVE('',#656,#658,#360,.T.);
#821=EDGE_CURVE('',#659,#660,#268,.T.);
#822=EDGE_CURVE('',#660,#643,#361,.T.);
#823=EDGE_CURVE('',#642,#659,#362,.T.);
#824=EDGE_CURVE('',#658,#660,#363,.T.);
#825=EDGE_CURVE('',#661,#657,#364,.T.);
#826=EDGE_CURVE('',#634,#661,#365,.T.);
#827=EDGE_CURVE('',#662,#633,#366,.T.);
#828=EDGE_CURVE('',#663,#662,#367,.T.);
#829=EDGE_CURVE('',#664,#663,#368,.T.);
#830=EDGE_CURVE('',#665,#664,#369,.T.);
#831=EDGE_CURVE('',#644,#665,#370,.T.);
#832=EDGE_CURVE('',#665,#666,#269,.T.);
#833=EDGE_CURVE('',#666,#645,#371,.T.);
#834=EDGE_CURVE('',#667,#666,#372,.T.);
#835=EDGE_CURVE('',#646,#667,#373,.T.);
#836=EDGE_CURVE('',#668,#662,#270,.T.);
#837=EDGE_CURVE('',#632,#668,#374,.T.);
#838=EDGE_CURVE('',#661,#669,#271,.T.);
#839=EDGE_CURVE('',#669,#635,#375,.T.);
#840=EDGE_CURVE('',#670,#669,#376,.T.);
#841=EDGE_CURVE('',#636,#670,#377,.T.);
#842=EDGE_CURVE('',#630,#671,#378,.T.);
#843=EDGE_CURVE('',#671,#672,#272,.T.);
#844=EDGE_CURVE('',#672,#631,#379,.T.);
#845=EDGE_CURVE('',#629,#648,#380,.T.);
#846=EDGE_CURVE('',#673,#647,#381,.T.);
#847=EDGE_CURVE('',#673,#674,#382,.T.);
#848=EDGE_CURVE('',#674,#675,#383,.T.);
#849=EDGE_CURVE('',#675,#671,#384,.T.);
#850=EDGE_CURVE('',#670,#654,#273,.T.);
#851=EDGE_CURVE('',#653,#676,#385,.T.);
#852=EDGE_CURVE('',#640,#676,#386,.T.);
#853=EDGE_CURVE('',#667,#673,#274,.T.);
#854=EDGE_CURVE('',#676,#677,#275,.T.);
#855=EDGE_CURVE('',#677,#641,#387,.T.);
#856=EDGE_CURVE('',#659,#677,#388,.T.);
#857=EDGE_CURVE('',#668,#672,#389,.T.);
#858=EDGE_CURVE('',#674,#664,#390,.T.);
#859=EDGE_CURVE('',#675,#663,#391,.T.);
#860=EDGE_CURVE('',#628,#649,#392,.T.);
#861=EDGE_CURVE('',#678,#679,#393,.T.);
#862=EDGE_CURVE('',#678,#680,#276,.T.);
#863=EDGE_CURVE('',#680,#681,#394,.T.);
#864=EDGE_CURVE('',#682,#681,#277,.T.);
#865=EDGE_CURVE('',#683,#682,#395,.T.);
#866=EDGE_CURVE('',#679,#683,#278,.T.);
#867=EDGE_CURVE('',#684,#680,#396,.T.);
#868=EDGE_CURVE('',#684,#685,#397,.T.);
#869=EDGE_CURVE('',#681,#685,#398,.T.);
#870=EDGE_CURVE('',#686,#687,#399,.T.);
#871=EDGE_CURVE('',#685,#686,#400,.T.);
#872=EDGE_CURVE('',#687,#684,#401,.T.);
#873=EDGE_CURVE('',#688,#683,#402,.T.);
#874=EDGE_CURVE('',#689,#688,#403,.T.);
#875=EDGE_CURVE('',#679,#689,#404,.T.);
#876=EDGE_CURVE('',#682,#690,#405,.T.);
#877=EDGE_CURVE('',#690,#691,#406,.T.);
#878=EDGE_CURVE('',#691,#692,#407,.T.);
#879=EDGE_CURVE('',#692,#693,#408,.T.);
#880=EDGE_CURVE('',#693,#694,#409,.T.);
#881=EDGE_CURVE('',#694,#688,#410,.T.);
#882=EDGE_CURVE('',#686,#695,#279,.T.);
#883=EDGE_CURVE('',#695,#696,#411,.T.);
#884=EDGE_CURVE('',#696,#690,#412,.T.);
#885=EDGE_CURVE('',#697,#698,#280,.T.);
#886=EDGE_CURVE('',#699,#697,#413,.T.);
#887=EDGE_CURVE('',#687,#699,#281,.T.);
#888=EDGE_CURVE('',#698,#678,#414,.T.);
#889=EDGE_CURVE('',#700,#700,#282,.T.);
#890=EDGE_CURVE('',#701,#702,#415,.T.);
#891=EDGE_CURVE('',#701,#703,#416,.T.);
#892=EDGE_CURVE('',#704,#703,#417,.T.);
#893=EDGE_CURVE('',#702,#704,#418,.T.);
#894=EDGE_CURVE('',#705,#706,#419,.T.);
#895=EDGE_CURVE('',#693,#705,#283,.T.);
#896=EDGE_CURVE('',#707,#692,#284,.T.);
#897=EDGE_CURVE('',#707,#708,#420,.T.);
#898=EDGE_CURVE('',#708,#706,#285,.T.);
#899=EDGE_CURVE('',#704,#707,#421,.T.);
#900=EDGE_CURVE('',#703,#708,#422,.T.);
#901=EDGE_CURVE('',#709,#699,#423,.T.);
#902=EDGE_CURVE('',#709,#701,#286,.T.);
#903=EDGE_CURVE('',#710,#702,#287,.T.);
#904=EDGE_CURVE('',#695,#710,#424,.T.);
#905=EDGE_CURVE('',#711,#691,#425,.T.);
#906=EDGE_CURVE('',#711,#710,#426,.T.);
#907=EDGE_CURVE('',#697,#712,#427,.T.);
#908=EDGE_CURVE('',#712,#709,#428,.T.);
#909=EDGE_CURVE('',#713,#712,#288,.T.);
#910=EDGE_CURVE('',#706,#713,#429,.T.);
#911=EDGE_CURVE('',#714,#714,#289,.T.);
#912=EDGE_CURVE('',#689,#715,#430,.T.);
#913=EDGE_CURVE('',#715,#705,#431,.T.);
#914=EDGE_CURVE('',#713,#698,#432,.T.);
#915=EDGE_CURVE('',#696,#711,#433,.T.);
#916=EDGE_CURVE('',#715,#694,#434,.T.);
#917=EDGE_CURVE('',#700,#714,#435,.T.);
#918=ORIENTED_EDGE('',*,*,#716,.F.);
#919=ORIENTED_EDGE('',*,*,#717,.T.);
#920=ORIENTED_EDGE('',*,*,#718,.F.);
#921=ORIENTED_EDGE('',*,*,#719,.T.);
#922=ORIENTED_EDGE('',*,*,#720,.T.);
#923=ORIENTED_EDGE('',*,*,#718,.T.);
#924=ORIENTED_EDGE('',*,*,#721,.T.);
#925=ORIENTED_EDGE('',*,*,#722,.T.);
#926=ORIENTED_EDGE('',*,*,#723,.F.);
#927=ORIENTED_EDGE('',*,*,#724,.F.);
#928=ORIENTED_EDGE('',*,*,#725,.F.);
#929=ORIENTED_EDGE('',*,*,#726,.T.);
#930=ORIENTED_EDGE('',*,*,#727,.T.);
#931=ORIENTED_EDGE('',*,*,#728,.T.);
#932=ORIENTED_EDGE('',*,*,#729,.F.);
#933=ORIENTED_EDGE('',*,*,#730,.F.);
#934=ORIENTED_EDGE('',*,*,#731,.T.);
#935=ORIENTED_EDGE('',*,*,#732,.T.);
#936=ORIENTED_EDGE('',*,*,#723,.T.);
#937=ORIENTED_EDGE('',*,*,#733,.T.);
#938=ORIENTED_EDGE('',*,*,#734,.F.);
#939=ORIENTED_EDGE('',*,*,#735,.T.);
#940=ORIENTED_EDGE('',*,*,#736,.T.);
#941=ORIENTED_EDGE('',*,*,#737,.T.);
#942=ORIENTED_EDGE('',*,*,#738,.F.);
#943=ORIENTED_EDGE('',*,*,#739,.T.);
#944=ORIENTED_EDGE('',*,*,#740,.F.);
#945=ORIENTED_EDGE('',*,*,#727,.F.);
#946=ORIENTED_EDGE('',*,*,#741,.T.);
#947=ORIENTED_EDGE('',*,*,#742,.T.);
#948=ORIENTED_EDGE('',*,*,#716,.T.);
#949=ORIENTED_EDGE('',*,*,#743,.F.);
#950=ORIENTED_EDGE('',*,*,#725,.T.);
#951=ORIENTED_EDGE('',*,*,#744,.F.);
#952=ORIENTED_EDGE('',*,*,#745,.T.);
#953=ORIENTED_EDGE('',*,*,#746,.T.);
#954=ORIENTED_EDGE('',*,*,#747,.F.);
#955=ORIENTED_EDGE('',*,*,#748,.F.);
#956=ORIENTED_EDGE('',*,*,#737,.F.);
#957=ORIENTED_EDGE('',*,*,#749,.T.);
#958=ORIENTED_EDGE('',*,*,#741,.F.);
#959=ORIENTED_EDGE('',*,*,#733,.F.);
#960=ORIENTED_EDGE('',*,*,#722,.F.);
#961=ORIENTED_EDGE('',*,*,#750,.T.);
#962=ORIENTED_EDGE('',*,*,#750,.F.);
#963=ORIENTED_EDGE('',*,*,#721,.F.);
#964=ORIENTED_EDGE('',*,*,#717,.F.);
#965=ORIENTED_EDGE('',*,*,#742,.F.);
#966=ORIENTED_EDGE('',*,*,#751,.T.);
#967=ORIENTED_EDGE('',*,*,#734,.T.);
#968=ORIENTED_EDGE('',*,*,#752,.T.);
#969=ORIENTED_EDGE('',*,*,#751,.F.);
#970=ORIENTED_EDGE('',*,*,#752,.F.);
#971=ORIENTED_EDGE('',*,*,#753,.T.);
#972=ORIENTED_EDGE('',*,*,#754,.T.);
#973=ORIENTED_EDGE('',*,*,#749,.F.);
#974=ORIENTED_EDGE('',*,*,#754,.F.);
#975=ORIENTED_EDGE('',*,*,#755,.T.);
#976=ORIENTED_EDGE('',*,*,#735,.F.);
#977=ORIENTED_EDGE('',*,*,#719,.F.);
#978=ORIENTED_EDGE('',*,*,#720,.F.);
#979=ORIENTED_EDGE('',*,*,#753,.F.);
#980=ORIENTED_EDGE('',*,*,#736,.F.);
#981=ORIENTED_EDGE('',*,*,#755,.F.);
#982=ORIENTED_EDGE('',*,*,#726,.F.);
#983=ORIENTED_EDGE('',*,*,#743,.T.);
#984=ORIENTED_EDGE('',*,*,#756,.T.);
#985=ORIENTED_EDGE('',*,*,#739,.F.);
#986=ORIENTED_EDGE('',*,*,#757,.T.);
#987=ORIENTED_EDGE('',*,*,#758,.T.);
#988=ORIENTED_EDGE('',*,*,#740,.T.);
#989=ORIENTED_EDGE('',*,*,#759,.T.);
#990=ORIENTED_EDGE('',*,*,#760,.F.);
#991=ORIENTED_EDGE('',*,*,#728,.F.);
#992=ORIENTED_EDGE('',*,*,#738,.T.);
#993=ORIENTED_EDGE('',*,*,#748,.T.);
#994=ORIENTED_EDGE('',*,*,#761,.F.);
#995=ORIENTED_EDGE('',*,*,#762,.T.);
#996=ORIENTED_EDGE('',*,*,#758,.F.);
#997=ORIENTED_EDGE('',*,*,#763,.T.);
#998=ORIENTED_EDGE('',*,*,#764,.F.);
#999=ORIENTED_EDGE('',*,*,#765,.T.);
#1000=ORIENTED_EDGE('',*,*,#766,.F.);
#1001=ORIENTED_EDGE('',*,*,#767,.T.);
#1002=ORIENTED_EDGE('',*,*,#768,.F.);
#1003=ORIENTED_EDGE('',*,*,#769,.F.);
#1004=ORIENTED_EDGE('',*,*,#770,.F.);
#1005=ORIENTED_EDGE('',*,*,#769,.T.);
#1006=ORIENTED_EDGE('',*,*,#771,.F.);
#1007=ORIENTED_EDGE('',*,*,#759,.F.);
#1008=ORIENTED_EDGE('',*,*,#756,.F.);
#1009=ORIENTED_EDGE('',*,*,#765,.F.);
#1010=ORIENTED_EDGE('',*,*,#772,.F.);
#1011=ORIENTED_EDGE('',*,*,#763,.F.);
#1012=ORIENTED_EDGE('',*,*,#757,.F.);
#1013=ORIENTED_EDGE('',*,*,#762,.F.);
#1014=ORIENTED_EDGE('',*,*,#773,.F.);
#1015=ORIENTED_EDGE('',*,*,#767,.F.);
#1016=ORIENTED_EDGE('',*,*,#771,.T.);
#1017=ORIENTED_EDGE('',*,*,#768,.T.);
#1018=ORIENTED_EDGE('',*,*,#773,.T.);
#1019=ORIENTED_EDGE('',*,*,#761,.T.);
#1020=ORIENTED_EDGE('',*,*,#747,.T.);
#1021=ORIENTED_EDGE('',*,*,#774,.T.);
#1022=ORIENTED_EDGE('',*,*,#729,.T.);
#1023=ORIENTED_EDGE('',*,*,#760,.T.);
#1024=ORIENTED_EDGE('',*,*,#775,.T.);
#1025=ORIENTED_EDGE('',*,*,#730,.T.);
#1026=ORIENTED_EDGE('',*,*,#774,.F.);
#1027=ORIENTED_EDGE('',*,*,#746,.F.);
#1028=ORIENTED_EDGE('',*,*,#724,.T.);
#1029=ORIENTED_EDGE('',*,*,#732,.F.);
#1030=ORIENTED_EDGE('',*,*,#776,.T.);
#1031=ORIENTED_EDGE('',*,*,#744,.T.);
#1032=ORIENTED_EDGE('',*,*,#766,.T.);
#1033=ORIENTED_EDGE('',*,*,#770,.T.);
#1034=ORIENTED_EDGE('',*,*,#764,.T.);
#1035=ORIENTED_EDGE('',*,*,#772,.T.);
#1036=ORIENTED_EDGE('',*,*,#776,.F.);
#1037=ORIENTED_EDGE('',*,*,#731,.F.);
#1038=ORIENTED_EDGE('',*,*,#775,.F.);
#1039=ORIENTED_EDGE('',*,*,#745,.F.);
#1040=ORIENTED_EDGE('',*,*,#777,.F.);
#1041=ORIENTED_EDGE('',*,*,#778,.F.);
#1042=ORIENTED_EDGE('',*,*,#779,.F.);
#1043=ORIENTED_EDGE('',*,*,#780,.F.);
#1044=ORIENTED_EDGE('',*,*,#777,.T.);
#1045=ORIENTED_EDGE('',*,*,#781,.F.);
#1046=ORIENTED_EDGE('',*,*,#782,.T.);
#1047=ORIENTED_EDGE('',*,*,#783,.F.);
#1048=ORIENTED_EDGE('',*,*,#778,.T.);
#1049=ORIENTED_EDGE('',*,*,#783,.T.);
#1050=ORIENTED_EDGE('',*,*,#784,.T.);
#1051=ORIENTED_EDGE('',*,*,#785,.T.);
#1052=ORIENTED_EDGE('',*,*,#786,.F.);
#1053=ORIENTED_EDGE('',*,*,#787,.F.);
#1054=ORIENTED_EDGE('',*,*,#788,.T.);
#1055=ORIENTED_EDGE('',*,*,#789,.F.);
#1056=ORIENTED_EDGE('',*,*,#790,.T.);
#1057=ORIENTED_EDGE('',*,*,#791,.F.);
#1058=ORIENTED_EDGE('',*,*,#792,.T.);
#1059=ORIENTED_EDGE('',*,*,#793,.F.);
#1060=ORIENTED_EDGE('',*,*,#794,.F.);
#1061=ORIENTED_EDGE('',*,*,#795,.T.);
#1062=ORIENTED_EDGE('',*,*,#780,.T.);
#1063=ORIENTED_EDGE('',*,*,#796,.T.);
#1064=ORIENTED_EDGE('',*,*,#797,.F.);
#1065=ORIENTED_EDGE('',*,*,#798,.F.);
#1066=ORIENTED_EDGE('',*,*,#799,.T.);
#1067=ORIENTED_EDGE('',*,*,#800,.F.);
#1068=ORIENTED_EDGE('',*,*,#801,.T.);
#1069=ORIENTED_EDGE('',*,*,#802,.F.);
#1070=ORIENTED_EDGE('',*,*,#803,.T.);
#1071=ORIENTED_EDGE('',*,*,#804,.F.);
#1072=ORIENTED_EDGE('',*,*,#805,.F.);
#1073=ORIENTED_EDGE('',*,*,#806,.F.);
#1074=ORIENTED_EDGE('',*,*,#807,.T.);
#1075=ORIENTED_EDGE('',*,*,#781,.T.);
#1076=ORIENTED_EDGE('',*,*,#779,.T.);
#1077=ORIENTED_EDGE('',*,*,#795,.F.);
#1078=ORIENTED_EDGE('',*,*,#808,.F.);
#1079=ORIENTED_EDGE('',*,*,#809,.F.);
#1080=ORIENTED_EDGE('',*,*,#810,.F.);
#1081=ORIENTED_EDGE('',*,*,#811,.F.);
#1082=ORIENTED_EDGE('',*,*,#812,.F.);
#1083=ORIENTED_EDGE('',*,*,#796,.F.);
#1084=ORIENTED_EDGE('',*,*,#808,.T.);
#1085=ORIENTED_EDGE('',*,*,#794,.T.);
#1086=ORIENTED_EDGE('',*,*,#813,.F.);
#1087=ORIENTED_EDGE('',*,*,#814,.T.);
#1088=ORIENTED_EDGE('',*,*,#810,.T.);
#1089=ORIENTED_EDGE('',*,*,#815,.F.);
#1090=ORIENTED_EDGE('',*,*,#816,.F.);
#1091=ORIENTED_EDGE('',*,*,#817,.F.);
#1092=ORIENTED_EDGE('',*,*,#816,.T.);
#1093=ORIENTED_EDGE('',*,*,#818,.T.);
#1094=ORIENTED_EDGE('',*,*,#819,.T.);
#1095=ORIENTED_EDGE('',*,*,#820,.F.);
#1096=ORIENTED_EDGE('',*,*,#821,.T.);
#1097=ORIENTED_EDGE('',*,*,#822,.T.);
#1098=ORIENTED_EDGE('',*,*,#800,.T.);
#1099=ORIENTED_EDGE('',*,*,#823,.T.);
#1100=ORIENTED_EDGE('',*,*,#822,.F.);
#1101=ORIENTED_EDGE('',*,*,#824,.F.);
#1102=ORIENTED_EDGE('',*,*,#819,.F.);
#1103=ORIENTED_EDGE('',*,*,#825,.F.);
#1104=ORIENTED_EDGE('',*,*,#826,.F.);
#1105=ORIENTED_EDGE('',*,*,#790,.F.);
#1106=ORIENTED_EDGE('',*,*,#827,.F.);
#1107=ORIENTED_EDGE('',*,*,#828,.F.);
#1108=ORIENTED_EDGE('',*,*,#829,.F.);
#1109=ORIENTED_EDGE('',*,*,#830,.F.);
#1110=ORIENTED_EDGE('',*,*,#831,.F.);
#1111=ORIENTED_EDGE('',*,*,#801,.F.);
#1112=ORIENTED_EDGE('',*,*,#832,.T.);
#1113=ORIENTED_EDGE('',*,*,#833,.T.);
#1114=ORIENTED_EDGE('',*,*,#802,.T.);
#1115=ORIENTED_EDGE('',*,*,#831,.T.);
#1116=ORIENTED_EDGE('',*,*,#833,.F.);
#1117=ORIENTED_EDGE('',*,*,#834,.F.);
#1118=ORIENTED_EDGE('',*,*,#835,.F.);
#1119=ORIENTED_EDGE('',*,*,#803,.F.);
#1120=ORIENTED_EDGE('',*,*,#836,.T.);
#1121=ORIENTED_EDGE('',*,*,#827,.T.);
#1122=ORIENTED_EDGE('',*,*,#789,.T.);
#1123=ORIENTED_EDGE('',*,*,#837,.T.);
#1124=ORIENTED_EDGE('',*,*,#838,.T.);
#1125=ORIENTED_EDGE('',*,*,#839,.T.);
#1126=ORIENTED_EDGE('',*,*,#791,.T.);
#1127=ORIENTED_EDGE('',*,*,#826,.T.);
#1128=ORIENTED_EDGE('',*,*,#839,.F.);
#1129=ORIENTED_EDGE('',*,*,#840,.F.);
#1130=ORIENTED_EDGE('',*,*,#841,.F.);
#1131=ORIENTED_EDGE('',*,*,#792,.F.);
#1132=ORIENTED_EDGE('',*,*,#787,.T.);
#1133=ORIENTED_EDGE('',*,*,#842,.T.);
#1134=ORIENTED_EDGE('',*,*,#843,.T.);
#1135=ORIENTED_EDGE('',*,*,#844,.T.);
#1136=ORIENTED_EDGE('',*,*,#842,.F.);
#1137=ORIENTED_EDGE('',*,*,#786,.T.);
#1138=ORIENTED_EDGE('',*,*,#845,.T.);
#1139=ORIENTED_EDGE('',*,*,#805,.T.);
#1140=ORIENTED_EDGE('',*,*,#846,.F.);
#1141=ORIENTED_EDGE('',*,*,#847,.T.);
#1142=ORIENTED_EDGE('',*,*,#848,.T.);
#1143=ORIENTED_EDGE('',*,*,#849,.T.);
#1144=ORIENTED_EDGE('',*,*,#793,.T.);
#1145=ORIENTED_EDGE('',*,*,#841,.T.);
#1146=ORIENTED_EDGE('',*,*,#850,.T.);
#1147=ORIENTED_EDGE('',*,*,#813,.T.);
#1148=ORIENTED_EDGE('',*,*,#812,.T.);
#1149=ORIENTED_EDGE('',*,*,#851,.T.);
#1150=ORIENTED_EDGE('',*,*,#852,.F.);
#1151=ORIENTED_EDGE('',*,*,#797,.T.);
#1152=ORIENTED_EDGE('',*,*,#804,.T.);
#1153=ORIENTED_EDGE('',*,*,#835,.T.);
#1154=ORIENTED_EDGE('',*,*,#853,.T.);
#1155=ORIENTED_EDGE('',*,*,#846,.T.);
#1156=ORIENTED_EDGE('',*,*,#798,.T.);
#1157=ORIENTED_EDGE('',*,*,#852,.T.);
#1158=ORIENTED_EDGE('',*,*,#854,.T.);
#1159=ORIENTED_EDGE('',*,*,#855,.T.);
#1160=ORIENTED_EDGE('',*,*,#823,.F.);
#1161=ORIENTED_EDGE('',*,*,#799,.F.);
#1162=ORIENTED_EDGE('',*,*,#855,.F.);
#1163=ORIENTED_EDGE('',*,*,#856,.F.);
#1164=ORIENTED_EDGE('',*,*,#837,.F.);
#1165=ORIENTED_EDGE('',*,*,#788,.F.);
#1166=ORIENTED_EDGE('',*,*,#844,.F.);
#1167=ORIENTED_EDGE('',*,*,#857,.F.);
#1168=ORIENTED_EDGE('',*,*,#853,.F.);
#1169=ORIENTED_EDGE('',*,*,#834,.T.);
#1170=ORIENTED_EDGE('',*,*,#832,.F.);
#1171=ORIENTED_EDGE('',*,*,#830,.T.);
#1172=ORIENTED_EDGE('',*,*,#858,.F.);
#1173=ORIENTED_EDGE('',*,*,#847,.F.);
#1174=ORIENTED_EDGE('',*,*,#843,.F.);
#1175=ORIENTED_EDGE('',*,*,#849,.F.);
#1176=ORIENTED_EDGE('',*,*,#859,.T.);
#1177=ORIENTED_EDGE('',*,*,#828,.T.);
#1178=ORIENTED_EDGE('',*,*,#836,.F.);
#1179=ORIENTED_EDGE('',*,*,#857,.T.);
#1180=ORIENTED_EDGE('',*,*,#848,.F.);
#1181=ORIENTED_EDGE('',*,*,#858,.T.);
#1182=ORIENTED_EDGE('',*,*,#829,.T.);
#1183=ORIENTED_EDGE('',*,*,#859,.F.);
#1184=ORIENTED_EDGE('',*,*,#811,.T.);
#1185=ORIENTED_EDGE('',*,*,#817,.T.);
#1186=ORIENTED_EDGE('',*,*,#820,.T.);
#1187=ORIENTED_EDGE('',*,*,#824,.T.);
#1188=ORIENTED_EDGE('',*,*,#821,.F.);
#1189=ORIENTED_EDGE('',*,*,#856,.T.);
#1190=ORIENTED_EDGE('',*,*,#854,.F.);
#1191=ORIENTED_EDGE('',*,*,#851,.F.);
#1192=ORIENTED_EDGE('',*,*,#809,.T.);
#1193=ORIENTED_EDGE('',*,*,#814,.F.);
#1194=ORIENTED_EDGE('',*,*,#850,.F.);
#1195=ORIENTED_EDGE('',*,*,#840,.T.);
#1196=ORIENTED_EDGE('',*,*,#838,.F.);
#1197=ORIENTED_EDGE('',*,*,#825,.T.);
#1198=ORIENTED_EDGE('',*,*,#818,.F.);
#1199=ORIENTED_EDGE('',*,*,#815,.T.);
#1200=ORIENTED_EDGE('',*,*,#860,.T.);
#1201=ORIENTED_EDGE('',*,*,#806,.T.);
#1202=ORIENTED_EDGE('',*,*,#845,.F.);
#1203=ORIENTED_EDGE('',*,*,#785,.F.);
#1204=ORIENTED_EDGE('',*,*,#860,.F.);
#1205=ORIENTED_EDGE('',*,*,#784,.F.);
#1206=ORIENTED_EDGE('',*,*,#782,.F.);
#1207=ORIENTED_EDGE('',*,*,#807,.F.);
#1208=ORIENTED_EDGE('',*,*,#861,.F.);
#1209=ORIENTED_EDGE('',*,*,#862,.T.);
#1210=ORIENTED_EDGE('',*,*,#863,.T.);
#1211=ORIENTED_EDGE('',*,*,#864,.F.);
#1212=ORIENTED_EDGE('',*,*,#865,.F.);
#1213=ORIENTED_EDGE('',*,*,#866,.F.);
#1214=ORIENTED_EDGE('',*,*,#867,.F.);
#1215=ORIENTED_EDGE('',*,*,#868,.T.);
#1216=ORIENTED_EDGE('',*,*,#869,.F.);
#1217=ORIENTED_EDGE('',*,*,#863,.F.);
#1218=ORIENTED_EDGE('',*,*,#870,.F.);
#1219=ORIENTED_EDGE('',*,*,#871,.F.);
#1220=ORIENTED_EDGE('',*,*,#868,.F.);
#1221=ORIENTED_EDGE('',*,*,#872,.F.);
#1222=ORIENTED_EDGE('',*,*,#866,.T.);
#1223=ORIENTED_EDGE('',*,*,#873,.F.);
#1224=ORIENTED_EDGE('',*,*,#874,.F.);
#1225=ORIENTED_EDGE('',*,*,#875,.F.);
#1226=ORIENTED_EDGE('',*,*,#865,.T.);
#1227=ORIENTED_EDGE('',*,*,#876,.T.);
#1228=ORIENTED_EDGE('',*,*,#877,.T.);
#1229=ORIENTED_EDGE('',*,*,#878,.T.);
#1230=ORIENTED_EDGE('',*,*,#879,.T.);
#1231=ORIENTED_EDGE('',*,*,#880,.T.);
#1232=ORIENTED_EDGE('',*,*,#881,.T.);
#1233=ORIENTED_EDGE('',*,*,#873,.T.);
#1234=ORIENTED_EDGE('',*,*,#864,.T.);
#1235=ORIENTED_EDGE('',*,*,#869,.T.);
#1236=ORIENTED_EDGE('',*,*,#871,.T.);
#1237=ORIENTED_EDGE('',*,*,#882,.T.);
#1238=ORIENTED_EDGE('',*,*,#883,.T.);
#1239=ORIENTED_EDGE('',*,*,#884,.T.);
#1240=ORIENTED_EDGE('',*,*,#876,.F.);
#1241=ORIENTED_EDGE('',*,*,#885,.F.);
#1242=ORIENTED_EDGE('',*,*,#886,.F.);
#1243=ORIENTED_EDGE('',*,*,#887,.F.);
#1244=ORIENTED_EDGE('',*,*,#872,.T.);
#1245=ORIENTED_EDGE('',*,*,#867,.T.);
#1246=ORIENTED_EDGE('',*,*,#862,.F.);
#1247=ORIENTED_EDGE('',*,*,#888,.F.);
#1248=ORIENTED_EDGE('',*,*,#889,.F.);
#1249=ORIENTED_EDGE('',*,*,#890,.F.);
#1250=ORIENTED_EDGE('',*,*,#891,.T.);
#1251=ORIENTED_EDGE('',*,*,#892,.F.);
#1252=ORIENTED_EDGE('',*,*,#893,.F.);
#1253=ORIENTED_EDGE('',*,*,#894,.F.);
#1254=ORIENTED_EDGE('',*,*,#895,.F.);
#1255=ORIENTED_EDGE('',*,*,#879,.F.);
#1256=ORIENTED_EDGE('',*,*,#896,.F.);
#1257=ORIENTED_EDGE('',*,*,#897,.T.);
#1258=ORIENTED_EDGE('',*,*,#898,.T.);
#1259=ORIENTED_EDGE('',*,*,#899,.F.);
#1260=ORIENTED_EDGE('',*,*,#892,.T.);
#1261=ORIENTED_EDGE('',*,*,#900,.T.);
#1262=ORIENTED_EDGE('',*,*,#897,.F.);
#1263=ORIENTED_EDGE('',*,*,#870,.T.);
#1264=ORIENTED_EDGE('',*,*,#887,.T.);
#1265=ORIENTED_EDGE('',*,*,#901,.F.);
#1266=ORIENTED_EDGE('',*,*,#902,.T.);
#1267=ORIENTED_EDGE('',*,*,#890,.T.);
#1268=ORIENTED_EDGE('',*,*,#903,.F.);
#1269=ORIENTED_EDGE('',*,*,#904,.F.);
#1270=ORIENTED_EDGE('',*,*,#882,.F.);
#1271=ORIENTED_EDGE('',*,*,#893,.T.);
#1272=ORIENTED_EDGE('',*,*,#899,.T.);
#1273=ORIENTED_EDGE('',*,*,#896,.T.);
#1274=ORIENTED_EDGE('',*,*,#878,.F.);
#1275=ORIENTED_EDGE('',*,*,#905,.F.);
#1276=ORIENTED_EDGE('',*,*,#906,.T.);
#1277=ORIENTED_EDGE('',*,*,#903,.T.);
#1278=ORIENTED_EDGE('',*,*,#886,.T.);
#1279=ORIENTED_EDGE('',*,*,#907,.T.);
#1280=ORIENTED_EDGE('',*,*,#908,.T.);
#1281=ORIENTED_EDGE('',*,*,#901,.T.);
#1282=ORIENTED_EDGE('',*,*,#909,.F.);
#1283=ORIENTED_EDGE('',*,*,#910,.F.);
#1284=ORIENTED_EDGE('',*,*,#898,.F.);
#1285=ORIENTED_EDGE('',*,*,#900,.F.);
#1286=ORIENTED_EDGE('',*,*,#891,.F.);
#1287=ORIENTED_EDGE('',*,*,#902,.F.);
#1288=ORIENTED_EDGE('',*,*,#908,.F.);
#1289=ORIENTED_EDGE('',*,*,#911,.F.);
#1290=ORIENTED_EDGE('',*,*,#861,.T.);
#1291=ORIENTED_EDGE('',*,*,#875,.T.);
#1292=ORIENTED_EDGE('',*,*,#912,.T.);
#1293=ORIENTED_EDGE('',*,*,#913,.T.);
#1294=ORIENTED_EDGE('',*,*,#894,.T.);
#1295=ORIENTED_EDGE('',*,*,#910,.T.);
#1296=ORIENTED_EDGE('',*,*,#914,.T.);
#1297=ORIENTED_EDGE('',*,*,#888,.T.);
#1298=ORIENTED_EDGE('',*,*,#885,.T.);
#1299=ORIENTED_EDGE('',*,*,#914,.F.);
#1300=ORIENTED_EDGE('',*,*,#909,.T.);
#1301=ORIENTED_EDGE('',*,*,#907,.F.);
#1302=ORIENTED_EDGE('',*,*,#904,.T.);
#1303=ORIENTED_EDGE('',*,*,#906,.F.);
#1304=ORIENTED_EDGE('',*,*,#915,.F.);
#1305=ORIENTED_EDGE('',*,*,#883,.F.);
#1306=ORIENTED_EDGE('',*,*,#895,.T.);
#1307=ORIENTED_EDGE('',*,*,#913,.F.);
#1308=ORIENTED_EDGE('',*,*,#916,.T.);
#1309=ORIENTED_EDGE('',*,*,#880,.F.);
#1310=ORIENTED_EDGE('',*,*,#889,.T.);
#1311=ORIENTED_EDGE('',*,*,#917,.T.);
#1312=ORIENTED_EDGE('',*,*,#911,.T.);
#1313=ORIENTED_EDGE('',*,*,#917,.F.);
#1314=ORIENTED_EDGE('',*,*,#915,.T.);
#1315=ORIENTED_EDGE('',*,*,#905,.T.);
#1316=ORIENTED_EDGE('',*,*,#877,.F.);
#1317=ORIENTED_EDGE('',*,*,#884,.F.);
#1318=ORIENTED_EDGE('',*,*,#912,.F.);
#1319=ORIENTED_EDGE('',*,*,#874,.T.);
#1320=ORIENTED_EDGE('',*,*,#881,.F.);
#1321=ORIENTED_EDGE('',*,*,#916,.F.);
#1322=CYLINDRICAL_SURFACE('',#1431,3.202);
#1323=CYLINDRICAL_SURFACE('',#1448,2.70211150548757);
#1324=CYLINDRICAL_SURFACE('',#1452,0.999999999999996);
#1325=CYLINDRICAL_SURFACE('',#1453,0.999999999999996);
#1326=CYLINDRICAL_SURFACE('',#1457,2.70211150548757);
#1327=CYLINDRICAL_SURFACE('',#1486,3.202);
#1328=CYLINDRICAL_SURFACE('',#1492,5.);
#1329=CYLINDRICAL_SURFACE('',#1495,5.);
#1330=CYLINDRICAL_SURFACE('',#1498,5.);
#1331=CYLINDRICAL_SURFACE('',#1500,5.);
#1332=CYLINDRICAL_SURFACE('',#1503,6.5);
#1333=CYLINDRICAL_SURFACE('',#1506,6.5);
#1334=CYLINDRICAL_SURFACE('',#1509,6.5);
#1335=CYLINDRICAL_SURFACE('',#1511,6.5);
#1336=CYLINDRICAL_SURFACE('',#1522,3.202);
#1337=CYLINDRICAL_SURFACE('',#1537,3.202);
#1338=CYLINDRICAL_SURFACE('',#1542,1.67);
#1339=CYLINDRICAL_SURFACE('',#1551,2.70211150548757);
#1340=CYLINDRICAL_SURFACE('',#1554,0.999999999999996);
#1341=ADVANCED_FACE('',(#92),#1322,.F.);
#1342=ADVANCED_FACE('',(#93),#88,.F.);
#1343=ADVANCED_FACE('',(#94,#19),#25,.T.);
#1344=ADVANCED_FACE('',(#95),#89,.T.);
#1345=ADVANCED_FACE('',(#96,#20),#26,.T.);
#1346=ADVANCED_FACE('',(#97),#1323,.T.);
#1347=ADVANCED_FACE('',(#98,#21),#27,.T.);
#1348=ADVANCED_FACE('',(#99),#1324,.F.);
#1349=ADVANCED_FACE('',(#100),#1325,.F.);
#1350=ADVANCED_FACE('',(#101,#22),#28,.T.);
#1351=ADVANCED_FACE('',(#102),#1326,.T.);
#1352=ADVANCED_FACE('',(#103),#29,.T.);
#1353=ADVANCED_FACE('',(#104),#30,.T.);
#1354=ADVANCED_FACE('',(#105),#31,.T.);
#1355=ADVANCED_FACE('',(#106),#90,.T.);
#1356=ADVANCED_FACE('',(#107),#32,.T.);
#1357=ADVANCED_FACE('',(#108),#33,.T.);
#1358=ADVANCED_FACE('',(#109),#34,.T.);
#1359=ADVANCED_FACE('',(#110),#35,.T.);
#1360=ADVANCED_FACE('',(#111),#36,.T.);
#1361=ADVANCED_FACE('',(#112),#37,.T.);
#1362=ADVANCED_FACE('',(#113),#38,.T.);
#1363=ADVANCED_FACE('',(#114),#39,.F.);
#1364=ADVANCED_FACE('',(#115),#40,.F.);
#1365=ADVANCED_FACE('',(#116),#91,.F.);
#1366=ADVANCED_FACE('',(#117),#41,.T.);
#1367=ADVANCED_FACE('',(#118),#42,.T.);
#1368=ADVANCED_FACE('',(#119),#1327,.F.);
#1369=ADVANCED_FACE('',(#120),#43,.T.);
#1370=ADVANCED_FACE('',(#121),#44,.F.);
#1371=ADVANCED_FACE('',(#122),#45,.F.);
#1372=ADVANCED_FACE('',(#123),#1328,.F.);
#1373=ADVANCED_FACE('',(#124),#46,.F.);
#1374=ADVANCED_FACE('',(#125),#1329,.F.);
#1375=ADVANCED_FACE('',(#126),#47,.F.);
#1376=ADVANCED_FACE('',(#127),#1330,.F.);
#1377=ADVANCED_FACE('',(#128),#1331,.F.);
#1378=ADVANCED_FACE('',(#129),#48,.F.);
#1379=ADVANCED_FACE('',(#130),#1332,.T.);
#1380=ADVANCED_FACE('',(#131),#49,.T.);
#1381=ADVANCED_FACE('',(#132),#1333,.T.);
#1382=ADVANCED_FACE('',(#133),#50,.T.);
#1383=ADVANCED_FACE('',(#134),#1334,.T.);
#1384=ADVANCED_FACE('',(#135),#1335,.T.);
#1385=ADVANCED_FACE('',(#136),#51,.F.);
#1386=ADVANCED_FACE('',(#137),#52,.F.);
#1387=ADVANCED_FACE('',(#138),#53,.F.);
#1388=ADVANCED_FACE('',(#139),#54,.F.);
#1389=ADVANCED_FACE('',(#140),#55,.F.);
#1390=ADVANCED_FACE('',(#141),#56,.F.);
#1391=ADVANCED_FACE('',(#142),#57,.F.);
#1392=ADVANCED_FACE('',(#143),#58,.T.);
#1393=ADVANCED_FACE('',(#144),#59,.F.);
#1394=ADVANCED_FACE('',(#145),#1336,.F.);
#1395=ADVANCED_FACE('',(#146),#60,.F.);
#1396=ADVANCED_FACE('',(#147),#61,.F.);
#1397=ADVANCED_FACE('',(#148),#62,.T.);
#1398=ADVANCED_FACE('',(#149),#63,.T.);
#1399=ADVANCED_FACE('',(#150),#64,.T.);
#1400=ADVANCED_FACE('',(#151,#23),#65,.F.);
#1401=ADVANCED_FACE('',(#152),#66,.F.);
#1402=ADVANCED_FACE('',(#153),#1337,.F.);
#1403=ADVANCED_FACE('',(#154),#67,.F.);
#1404=ADVANCED_FACE('',(#155),#1338,.T.);
#1405=ADVANCED_FACE('',(#156),#68,.T.);
#1406=ADVANCED_FACE('',(#157),#69,.F.);
#1407=ADVANCED_FACE('',(#158,#24),#70,.F.);
#1408=ADVANCED_FACE('',(#159),#71,.T.);
#1409=ADVANCED_FACE('',(#160),#1339,.T.);
#1410=ADVANCED_FACE('',(#161),#72,.F.);
#1411=ADVANCED_FACE('',(#162),#73,.T.);
#1412=ADVANCED_FACE('',(#163),#1340,.F.);
#1413=ADVANCED_FACE('',(#164),#74,.T.);
#1414=ADVANCED_FACE('',(#165),#75,.T.);
#1415=CLOSED_SHELL('',(#1341,#1342,#1343,#1344,#1345,#1346,#1347,#1348,
#1349,#1350,#1351,#1352,#1353,#1354,#1355,#1356,#1357,#1358,#1359,#1360,
#1361,#1362,#1363));
#1416=CLOSED_SHELL('',(#1364,#1365,#1366,#1367,#1368,#1369,#1370,#1371,
#1372,#1373,#1374,#1375,#1376,#1377,#1378,#1379,#1380,#1381,#1382,#1383,
#1384,#1385,#1386,#1387,#1388,#1389,#1390,#1391,#1392,#1393));
#1417=CLOSED_SHELL('',(#1394,#1395,#1396,#1397,#1398,#1399,#1400,#1401,
#1402,#1403,#1404,#1405,#1406,#1407,#1408,#1409,#1410,#1411,#1412,#1413,
#1414));
#1418=DERIVED_UNIT_ELEMENT(#1420,1.);
#1419=DERIVED_UNIT_ELEMENT(#2405,-3.);
#1420=(
MASS_UNIT()
NAMED_UNIT(*)
SI_UNIT(.KILO.,.GRAM.)
);
#1421=DERIVED_UNIT((#1418,#1419));
#1422=MEASURE_REPRESENTATION_ITEM('density measure',
POSITIVE_RATIO_MEASURE(7850.),#1421);
#1423=PROPERTY_DEFINITION_REPRESENTATION(#1428,#1425);
#1424=PROPERTY_DEFINITION_REPRESENTATION(#1429,#1426);
#1425=REPRESENTATION('material name',(#1427),#2402);
#1426=REPRESENTATION('density',(#1422),#2402);
#1427=DESCRIPTIVE_REPRESENTATION_ITEM('Steel','Steel');
#1428=PROPERTY_DEFINITION('material property','material name',#2412);
#1429=PROPERTY_DEFINITION('material property','density of part',#2412);
#1430=AXIS2_PLACEMENT_3D('',#1957,#1557,#1558);
#1431=AXIS2_PLACEMENT_3D('',#1958,#1559,#1560);
#1432=AXIS2_PLACEMENT_3D('',#1963,#1562,#1563);
#1433=AXIS2_PLACEMENT_3D('',#1966,#1565,#1566);
#1434=AXIS2_PLACEMENT_3D('',#1978,#1567,#1568);
#1435=AXIS2_PLACEMENT_3D('',#1980,#1569,#1570);
#1436=AXIS2_PLACEMENT_3D('',#1984,#1572,#1573);
#1437=AXIS2_PLACEMENT_3D('',#1988,#1575,#1576);
#1438=AXIS2_PLACEMENT_3D('',#1990,#1578,#1579);
#1439=AXIS2_PLACEMENT_3D('',#1993,#1580,#1581);
#1440=AXIS2_PLACEMENT_3D('',#2003,#1587,#1588);
#1441=AXIS2_PLACEMENT_3D('',#2005,#1589,#1590);
#1442=AXIS2_PLACEMENT_3D('',#2017,#1591,#1592);
#1443=AXIS2_PLACEMENT_3D('',#2021,#1594,#1595);
#1444=AXIS2_PLACEMENT_3D('',#2029,#1600,#1601);
#1445=AXIS2_PLACEMENT_3D('',#2030,#1602,#1603);
#1446=AXIS2_PLACEMENT_3D('',#2031,#1604,#1605);
#1447=AXIS2_PLACEMENT_3D('',#2042,#1611,#1612);
#1448=AXIS2_PLACEMENT_3D('',#2043,#1613,#1614);
#1449=AXIS2_PLACEMENT_3D('',#2044,#1615,#1616);
#1450=AXIS2_PLACEMENT_3D('',#2045,#1617,#1618);
#1451=AXIS2_PLACEMENT_3D('',#2047,#1619,#1620);
#1452=AXIS2_PLACEMENT_3D('',#2048,#1621,#1622);
#1453=AXIS2_PLACEMENT_3D('',#2050,#1624,#1625);
#1454=AXIS2_PLACEMENT_3D('',#2052,#1626,#1627);
#1455=AXIS2_PLACEMENT_3D('',#2054,#1629,#1630);
#1456=AXIS2_PLACEMENT_3D('',#2055,#1631,#1632);
#1457=AXIS2_PLACEMENT_3D('',#2056,#1633,#1634);
#1458=AXIS2_PLACEMENT_3D('',#2057,#1635,#1636);
#1459=AXIS2_PLACEMENT_3D('',#2063,#1640,#1641);
#1460=AXIS2_PLACEMENT_3D('',#2067,#1644,#1645);
#1461=AXIS2_PLACEMENT_3D('',#2078,#1648,#1649);
#1462=AXIS2_PLACEMENT_3D('',#2081,#1651,#1652);
#1463=AXIS2_PLACEMENT_3D('',#2082,#1653,#1654);
#1464=AXIS2_PLACEMENT_3D('',#2091,#1659,#1660);
#1465=AXIS2_PLACEMENT_3D('',#2094,#1663,#1664);
#1466=AXIS2_PLACEMENT_3D('',#2097,#1667,#1668);
#1467=AXIS2_PLACEMENT_3D('',#2099,#1670,#1671);
#1468=AXIS2_PLACEMENT_3D('',#2101,#1673,#1674);
#1469=AXIS2_PLACEMENT_3D('',#2103,#1676,#1677);
#1470=AXIS2_PLACEMENT_3D('',#2104,#1678,#1679);
#1471=AXIS2_PLACEMENT_3D('',#2105,#1680,#1681);
#1472=AXIS2_PLACEMENT_3D('',#2125,#1686,#1687);
#1473=AXIS2_PLACEMENT_3D('',#2128,#1689,#1690);
#1474=AXIS2_PLACEMENT_3D('',#2129,#1691,#1692);
#1475=AXIS2_PLACEMENT_3D('',#2137,#1696,#1697);
#1476=AXIS2_PLACEMENT_3D('',#2141,#1699,#1700);
#1477=AXIS2_PLACEMENT_3D('',#2145,#1702,#1703);
#1478=AXIS2_PLACEMENT_3D('',#2149,#1705,#1706);
#1479=AXIS2_PLACEMENT_3D('',#2152,#1708,#1709);
#1480=AXIS2_PLACEMENT_3D('',#2153,#1710,#1711);
#1481=AXIS2_PLACEMENT_3D('',#2155,#1712,#1713);
#1482=AXIS2_PLACEMENT_3D('',#2159,#1715,#1716);
#1483=AXIS2_PLACEMENT_3D('',#2163,#1718,#1719);
#1484=AXIS2_PLACEMENT_3D('',#2167,#1721,#1722);
#1485=AXIS2_PLACEMENT_3D('',#2171,#1724,#1725);
#1486=AXIS2_PLACEMENT_3D('',#2177,#1729,#1730);
#1487=AXIS2_PLACEMENT_3D('',#2181,#1732,#1733);
#1488=AXIS2_PLACEMENT_3D('',#2185,#1735,#1736);
#1489=AXIS2_PLACEMENT_3D('',#2187,#1738,#1739);
#1490=AXIS2_PLACEMENT_3D('',#2191,#1742,#1743);
#1491=AXIS2_PLACEMENT_3D('',#2197,#1747,#1748);
#1492=AXIS2_PLACEMENT_3D('',#2203,#1752,#1753);
#1493=AXIS2_PLACEMENT_3D('',#2206,#1754,#1755);
#1494=AXIS2_PLACEMENT_3D('',#2209,#1758,#1759);
#1495=AXIS2_PLACEMENT_3D('',#2223,#1768,#1769);
#1496=AXIS2_PLACEMENT_3D('',#2225,#1770,#1771);
#1497=AXIS2_PLACEMENT_3D('',#2227,#1773,#1774);
#1498=AXIS2_PLACEMENT_3D('',#2231,#1777,#1778);
#1499=AXIS2_PLACEMENT_3D('',#2233,#1779,#1780);
#1500=AXIS2_PLACEMENT_3D('',#2235,#1782,#1783);
#1501=AXIS2_PLACEMENT_3D('',#2237,#1784,#1785);
#1502=AXIS2_PLACEMENT_3D('',#2239,#1787,#1788);
#1503=AXIS2_PLACEMENT_3D('',#2243,#1791,#1792);
#1504=AXIS2_PLACEMENT_3D('',#2247,#1794,#1795);
#1505=AXIS2_PLACEMENT_3D('',#2249,#1797,#1798);
#1506=AXIS2_PLACEMENT_3D('',#2258,#1804,#1805);
#1507=AXIS2_PLACEMENT_3D('',#2259,#1806,#1807);
#1508=AXIS2_PLACEMENT_3D('',#2260,#1808,#1809);
#1509=AXIS2_PLACEMENT_3D('',#2264,#1812,#1813);
#1510=AXIS2_PLACEMENT_3D('',#2265,#1814,#1815);
#1511=AXIS2_PLACEMENT_3D('',#2266,#1816,#1817);
#1512=AXIS2_PLACEMENT_3D('',#2268,#1818,#1819);
#1513=AXIS2_PLACEMENT_3D('',#2270,#1821,#1822);
#1514=AXIS2_PLACEMENT_3D('',#2272,#1824,#1825);
#1515=AXIS2_PLACEMENT_3D('',#2274,#1827,#1828);
#1516=AXIS2_PLACEMENT_3D('',#2276,#1830,#1831);
#1517=AXIS2_PLACEMENT_3D('',#2278,#1833,#1834);
#1518=AXIS2_PLACEMENT_3D('',#2279,#1835,#1836);
#1519=AXIS2_PLACEMENT_3D('',#2280,#1837,#1838);
#1520=AXIS2_PLACEMENT_3D('',#2281,#1839,#1840);
#1521=AXIS2_PLACEMENT_3D('',#2283,#1842,#1843);
#1522=AXIS2_PLACEMENT_3D('',#2284,#1844,#1845);
#1523=AXIS2_PLACEMENT_3D('',#2289,#1847,#1848);
#1524=AXIS2_PLACEMENT_3D('',#2293,#1850,#1851);
#1525=AXIS2_PLACEMENT_3D('',#2296,#1853,#1854);
#1526=AXIS2_PLACEMENT_3D('',#2297,#1855,#1856);
#1527=AXIS2_PLACEMENT_3D('',#2303,#1860,#1861);
#1528=AXIS2_PLACEMENT_3D('',#2309,#1865,#1866);
#1529=AXIS2_PLACEMENT_3D('',#2315,#1870,#1871);
#1530=AXIS2_PLACEMENT_3D('',#2327,#1878,#1879);
#1531=AXIS2_PLACEMENT_3D('',#2329,#1880,#1881);
#1532=AXIS2_PLACEMENT_3D('',#2333,#1884,#1885);
#1533=AXIS2_PLACEMENT_3D('',#2336,#1886,#1887);
#1534=AXIS2_PLACEMENT_3D('',#2339,#1889,#1890);
#1535=AXIS2_PLACEMENT_3D('',#2342,#1892,#1893);
#1536=AXIS2_PLACEMENT_3D('',#2343,#1894,#1895);
#1537=AXIS2_PLACEMENT_3D('',#2352,#1900,#1901);
#1538=AXIS2_PLACEMENT_3D('',#2356,#1903,#1904);
#1539=AXIS2_PLACEMENT_3D('',#2358,#1905,#1906);
#1540=AXIS2_PLACEMENT_3D('',#2361,#1908,#1909);
#1541=AXIS2_PLACEMENT_3D('',#2362,#1910,#1911);
#1542=AXIS2_PLACEMENT_3D('',#2365,#1914,#1915);
#1543=AXIS2_PLACEMENT_3D('',#2368,#1917,#1918);
#1544=AXIS2_PLACEMENT_3D('',#2370,#1919,#1920);
#1545=AXIS2_PLACEMENT_3D('',#2372,#1922,#1923);
#1546=AXIS2_PLACEMENT_3D('',#2376,#1926,#1927);
#1547=AXIS2_PLACEMENT_3D('',#2380,#1930,#1931);
#1548=AXIS2_PLACEMENT_3D('',#2382,#1932,#1933);
#1549=AXIS2_PLACEMENT_3D('',#2385,#1935,#1936);
#1550=AXIS2_PLACEMENT_3D('',#2386,#1937,#1938);
#1551=AXIS2_PLACEMENT_3D('',#2391,#1942,#1943);
#1552=AXIS2_PLACEMENT_3D('',#2392,#1944,#1945);
#1553=AXIS2_PLACEMENT_3D('',#2394,#1947,#1948);
#1554=AXIS2_PLACEMENT_3D('',#2396,#1950,#1951);
#1555=AXIS2_PLACEMENT_3D('',#2398,#1953,#1954);
#1556=AXIS2_PLACEMENT_3D('',#2399,#1955,#1956);
#1557=DIRECTION('axis',(0.,0.,1.));
#1558=DIRECTION('refdir',(1.,0.,0.));
#1559=DIRECTION('center_axis',(0.,0.,-1.));
#1560=DIRECTION('ref_axis',(-0.936871460236287,0.349673943831574,0.));
#1561=DIRECTION('',(0.,0.,1.));
#1562=DIRECTION('center_axis',(0.,0.,-1.));
#1563=DIRECTION('ref_axis',(1.,0.,0.));
#1564=DIRECTION('',(0.,0.,-1.));
#1565=DIRECTION('center_axis',(0.,0.,1.));
#1566=DIRECTION('ref_axis',(1.,0.,0.));
#1567=DIRECTION('center_axis',(0.,0.,1.));
#1568=DIRECTION('ref_axis',(0.,-1.,0.));
#1569=DIRECTION('center_axis',(0.,0.,-1.));
#1570=DIRECTION('ref_axis',(0.,-1.,0.));
#1571=DIRECTION('',(0.,0.,-1.));
#1572=DIRECTION('center_axis',(0.,0.,-1.));
#1573=DIRECTION('ref_axis',(0.,-1.,0.));
#1574=DIRECTION('',(0.,0.,-1.));
#1575=DIRECTION('center_axis',(0.,0.,1.));
#1576=DIRECTION('ref_axis',(0.,-1.,0.));
#1577=DIRECTION('',(0.,0.,-1.));
#1578=DIRECTION('center_axis',(0.,0.,-1.));
#1579=DIRECTION('ref_axis',(-1.,0.,0.));
#1580=DIRECTION('center_axis',(0.,0.,1.));
#1581=DIRECTION('ref_axis',(0.,-1.,0.));
#1582=DIRECTION('',(0.,1.,0.));
#1583=DIRECTION('',(-1.,0.,0.));
#1584=DIRECTION('',(0.,1.,0.));
#1585=DIRECTION('',(-1.,0.,0.));
#1586=DIRECTION('',(0.,1.,0.));
#1587=DIRECTION('center_axis',(0.,0.,-1.));
#1588=DIRECTION('ref_axis',(1.,0.,0.));
#1589=DIRECTION('center_axis',(0.,0.,-1.));
#1590=DIRECTION('ref_axis',(1.,0.,0.));
#1591=DIRECTION('center_axis',(0.,0.,-1.));
#1592=DIRECTION('ref_axis',(0.,-1.,0.));
#1593=DIRECTION('',(0.,0.,1.));
#1594=DIRECTION('center_axis',(0.,0.,1.));
#1595=DIRECTION('ref_axis',(0.,-1.,0.));
#1596=DIRECTION('',(0.,0.,1.));
#1597=DIRECTION('',(0.,0.,-1.));
#1598=DIRECTION('',(0.,0.,1.));
#1599=DIRECTION('',(0.,0.,1.));
#1600=DIRECTION('center_axis',(0.,0.,1.));
#1601=DIRECTION('ref_axis',(0.,-1.,0.));
#1602=DIRECTION('center_axis',(0.,0.,1.));
#1603=DIRECTION('ref_axis',(1.,0.,0.));
#1604=DIRECTION('center_axis',(0.,0.,-1.));
#1605=DIRECTION('ref_axis',(1.,0.,0.));
#1606=DIRECTION('',(0.,1.,0.));
#1607=DIRECTION('',(1.,0.,0.));
#1608=DIRECTION('',(0.,1.,0.));
#1609=DIRECTION('',(1.,0.,0.));
#1610=DIRECTION('',(0.,1.,0.));
#1611=DIRECTION('center_axis',(0.,0.,-1.));
#1612=DIRECTION('ref_axis',(0.,1.,0.));
#1613=DIRECTION('center_axis',(0.,0.,-1.));
#1614=DIRECTION('ref_axis',(0.797175678469323,-0.603747412132735,0.));
#1615=DIRECTION('center_axis',(0.,0.,-1.));
#1616=DIRECTION('ref_axis',(1.,0.,0.));
#1617=DIRECTION('center_axis',(0.,0.,1.));
#1618=DIRECTION('ref_axis',(1.,0.,0.));
#1619=DIRECTION('center_axis',(0.,0.,-1.));
#1620=DIRECTION('ref_axis',(1.,0.,0.));
#1621=DIRECTION('center_axis',(0.,0.,-1.));
#1622=DIRECTION('ref_axis',(0.,1.,0.));
#1623=DIRECTION('',(0.,0.,1.));
#1624=DIRECTION('center_axis',(0.,0.,-1.));
#1625=DIRECTION('ref_axis',(0.,1.,0.));
#1626=DIRECTION('center_axis',(0.,0.,-1.));
#1627=DIRECTION('ref_axis',(1.,0.,0.));
#1628=DIRECTION('',(0.,0.,1.));
#1629=DIRECTION('center_axis',(0.,0.,-1.));
#1630=DIRECTION('ref_axis',(-1.,0.,0.));
#1631=DIRECTION('center_axis',(0.,0.,-1.));
#1632=DIRECTION('ref_axis',(1.,0.,0.));
#1633=DIRECTION('center_axis',(0.,0.,-1.));
#1634=DIRECTION('ref_axis',(0.797175678469323,-0.603747412132735,0.));
#1635=DIRECTION('center_axis',(1.,0.,0.));
#1636=DIRECTION('ref_axis',(0.,-1.,0.));
#1637=DIRECTION('',(0.,1.,0.));
#1638=DIRECTION('',(0.,-1.,0.));
#1639=DIRECTION('',(0.,0.,-1.));
#1640=DIRECTION('center_axis',(-1.,0.,2.54984518909357E-33));
#1641=DIRECTION('ref_axis',(2.54984518909357E-33,0.,1.));
#1642=DIRECTION('',(0.,1.,0.));
#1643=DIRECTION('',(2.54984518909357E-33,0.,1.));
#1644=DIRECTION('center_axis',(-1.,0.,2.54984518909357E-33));
#1645=DIRECTION('ref_axis',(2.54984518909357E-33,0.,1.));
#1646=DIRECTION('',(2.54984518909357E-33,0.,1.));
#1647=DIRECTION('',(0.,-1.,0.));
#1648=DIRECTION('center_axis',(0.,0.,1.));
#1649=DIRECTION('ref_axis',(0.,1.,0.));
#1650=DIRECTION('',(0.,0.,1.));
#1651=DIRECTION('center_axis',(0.,0.,-1.));
#1652=DIRECTION('ref_axis',(0.,1.,0.));
#1653=DIRECTION('center_axis',(-1.,0.,0.));
#1654=DIRECTION('ref_axis',(0.,0.,1.));
#1655=DIRECTION('',(0.,0.,-1.));
#1656=DIRECTION('',(0.,1.,0.));
#1657=DIRECTION('',(0.,0.,1.));
#1658=DIRECTION('',(0.,1.,0.));
#1659=DIRECTION('center_axis',(0.,0.,1.));
#1660=DIRECTION('ref_axis',(1.,0.,0.));
#1661=DIRECTION('',(-1.,0.,0.));
#1662=DIRECTION('',(1.,0.,0.));
#1663=DIRECTION('center_axis',(0.,0.,-1.));
#1664=DIRECTION('ref_axis',(-1.,0.,0.));
#1665=DIRECTION('',(1.,0.,0.));
#1666=DIRECTION('',(-1.,0.,0.));
#1667=DIRECTION('center_axis',(0.,1.,0.));
#1668=DIRECTION('ref_axis',(0.,0.,1.));
#1669=DIRECTION('',(0.,0.,-1.));
#1670=DIRECTION('center_axis',(1.,0.,0.));
#1671=DIRECTION('ref_axis',(0.,0.,-1.));
#1672=DIRECTION('',(0.,0.,-1.));
#1673=DIRECTION('center_axis',(-1.,0.,2.54984518909357E-33));
#1674=DIRECTION('ref_axis',(2.54984518909357E-33,0.,1.));
#1675=DIRECTION('',(2.54984518909357E-33,0.,1.));
#1676=DIRECTION('center_axis',(0.,1.,0.));
#1677=DIRECTION('ref_axis',(0.,0.,1.));
#1678=DIRECTION('center_axis',(0.,1.,0.));
#1679=DIRECTION('ref_axis',(1.,0.,0.));
#1680=DIRECTION('center_axis',(0.0320857386150218,-0.999485120138128,0.));
#1681=DIRECTION('ref_axis',(-0.999485120138128,-0.0320857386150218,0.));
#1682=DIRECTION('',(0.,0.,-1.));
#1683=DIRECTION('',(-0.999485120138128,-0.0320857386150218,0.));
#1684=DIRECTION('',(0.,0.,1.));
#1685=DIRECTION('',(0.999485120138128,0.0320857386150218,0.));
#1686=DIRECTION('center_axis',(0.,0.,-1.));
#1687=DIRECTION('ref_axis',(0.,1.,0.));
#1688=DIRECTION('',(0.,0.,1.));
#1689=DIRECTION('center_axis',(0.,0.,1.));
#1690=DIRECTION('ref_axis',(0.,1.,0.));
#1691=DIRECTION('center_axis',(0.,0.,1.));
#1692=DIRECTION('ref_axis',(1.,0.,0.));
#1693=DIRECTION('',(1.,0.,0.));
#1694=DIRECTION('',(0.,1.,0.));
#1695=DIRECTION('',(1.,0.,0.));
#1696=DIRECTION('center_axis',(0.,0.,-1.));
#1697=DIRECTION('ref_axis',(-0.707106781186547,0.707106781186547,0.));
#1698=DIRECTION('',(0.,-1.,0.));
#1699=DIRECTION('center_axis',(0.,0.,1.));
#1700=DIRECTION('ref_axis',(0.707106781186547,-0.707106781186547,0.));
#1701=DIRECTION('',(-1.,0.,0.));
#1702=DIRECTION('center_axis',(0.,0.,1.));
#1703=DIRECTION('ref_axis',(-0.707106781186547,-0.707106781186547,0.));
#1704=DIRECTION('',(0.,1.,0.));
#1705=DIRECTION('center_axis',(0.,0.,-1.));
#1706=DIRECTION('ref_axis',(0.707106781186547,0.707106781186548,0.));
#1707=DIRECTION('',(1.,0.,0.));
#1708=DIRECTION('center_axis',(0.,0.,-1.));
#1709=DIRECTION('ref_axis',(1.,0.,0.));
#1710=DIRECTION('center_axis',(0.,0.,-1.));
#1711=DIRECTION('ref_axis',(-1.,0.,0.));
#1712=DIRECTION('center_axis',(0.,0.,1.));
#1713=DIRECTION('ref_axis',(1.,0.,0.));
#1714=DIRECTION('',(-1.,0.,0.));
#1715=DIRECTION('center_axis',(0.,0.,1.));
#1716=DIRECTION('ref_axis',(0.707106781186547,0.707106781186548,0.));
#1717=DIRECTION('',(0.,-1.,0.));
#1718=DIRECTION('center_axis',(0.,0.,-1.));
#1719=DIRECTION('ref_axis',(-0.707106781186547,-0.707106781186547,0.));
#1720=DIRECTION('',(1.,0.,0.));
#1721=DIRECTION('center_axis',(0.,0.,-1.));
#1722=DIRECTION('ref_axis',(0.707106781186547,-0.707106781186547,0.));
#1723=DIRECTION('',(0.,1.,0.));
#1724=DIRECTION('center_axis',(0.,0.,1.));
#1725=DIRECTION('ref_axis',(-0.707106781186547,0.707106781186547,0.));
#1726=DIRECTION('',(-1.,0.,0.));
#1727=DIRECTION('',(0.,1.,0.));
#1728=DIRECTION('',(-1.,0.,0.));
#1729=DIRECTION('center_axis',(0.,0.,-1.));
#1730=DIRECTION('ref_axis',(1.,0.,0.));
#1731=DIRECTION('',(0.,0.,1.));
#1732=DIRECTION('center_axis',(0.,0.,1.));
#1733=DIRECTION('ref_axis',(1.,0.,0.));
#1734=DIRECTION('',(0.,0.,1.));
#1735=DIRECTION('center_axis',(0.,0.,-1.));
#1736=DIRECTION('ref_axis',(1.,0.,0.));
#1737=DIRECTION('',(0.,0.,1.));
#1738=DIRECTION('center_axis',(0.,1.,0.));
#1739=DIRECTION('ref_axis',(0.,0.,1.));
#1740=DIRECTION('',(0.,0.,1.));
#1741=DIRECTION('',(-1.,0.,0.));
#1742=DIRECTION('center_axis',(0.,-1.,0.));
#1743=DIRECTION('ref_axis',(0.,0.,-1.));
#1744=DIRECTION('',(-1.,0.,0.));
#1745=DIRECTION('',(0.,0.,1.));
#1746=DIRECTION('',(1.,0.,0.));
#1747=DIRECTION('center_axis',(-1.,0.,0.));
#1748=DIRECTION('ref_axis',(0.,0.,-1.));
#1749=DIRECTION('',(0.,-1.,0.));
#1750=DIRECTION('',(0.,0.,-1.));
#1751=DIRECTION('',(0.,-1.,0.));
#1752=DIRECTION('center_axis',(0.,0.,-1.));
#1753=DIRECTION('ref_axis',(-0.707106781186547,-0.707106781186547,0.));
#1754=DIRECTION('center_axis',(0.,0.,1.));
#1755=DIRECTION('ref_axis',(-0.707106781186547,-0.707106781186547,0.));
#1756=DIRECTION('',(0.,0.,-1.));
#1757=DIRECTION('',(0.,0.,1.));
#1758=DIRECTION('center_axis',(0.,-1.,0.));
#1759=DIRECTION('ref_axis',(0.,0.,-1.));
#1760=DIRECTION('',(1.,0.,0.));
#1761=DIRECTION('',(-1.,0.,0.));
#1762=DIRECTION('',(0.,0.,-1.));
#1763=DIRECTION('',(0.,0.,1.));
#1764=DIRECTION('',(-1.,0.,0.));
#1765=DIRECTION('',(0.,0.,1.));
#1766=DIRECTION('',(1.,0.,0.));
#1767=DIRECTION('',(0.,0.,1.));
#1768=DIRECTION('center_axis',(0.,0.,-1.));
#1769=DIRECTION('ref_axis',(0.707106781186547,-0.707106781186547,0.));
#1770=DIRECTION('center_axis',(0.,0.,1.));
#1771=DIRECTION('ref_axis',(0.707106781186547,-0.707106781186547,0.));
#1772=DIRECTION('',(0.,0.,-1.));
#1773=DIRECTION('center_axis',(1.,0.,0.));
#1774=DIRECTION('ref_axis',(0.,-1.,0.));
#1775=DIRECTION('',(0.,-1.,0.));
#1776=DIRECTION('',(0.,0.,1.));
#1777=DIRECTION('center_axis',(0.,0.,-1.));
#1778=DIRECTION('ref_axis',(0.707106781186547,-0.707106781186547,0.));
#1779=DIRECTION('center_axis',(0.,0.,-1.));
#1780=DIRECTION('ref_axis',(0.707106781186547,-0.707106781186547,0.));
#1781=DIRECTION('',(0.,0.,-1.));
#1782=DIRECTION('center_axis',(0.,0.,-1.));
#1783=DIRECTION('ref_axis',(-0.707106781186547,-0.707106781186547,0.));
#1784=DIRECTION('center_axis',(0.,0.,-1.));
#1785=DIRECTION('ref_axis',(-0.707106781186547,-0.707106781186547,0.));
#1786=DIRECTION('',(0.,0.,1.));
#1787=DIRECTION('center_axis',(-1.,0.,0.));
#1788=DIRECTION('ref_axis',(0.,1.,0.));
#1789=DIRECTION('',(0.,-1.,0.));
#1790=DIRECTION('',(0.,0.,-1.));
#1791=DIRECTION('center_axis',(0.,0.,1.));
#1792=DIRECTION('ref_axis',(-0.707106781186547,0.707106781186547,0.));
#1793=DIRECTION('',(0.,0.,-1.));
#1794=DIRECTION('center_axis',(0.,0.,1.));
#1795=DIRECTION('ref_axis',(-0.707106781186547,0.707106781186547,0.));
#1796=DIRECTION('',(0.,0.,1.));
#1797=DIRECTION('center_axis',(0.,1.,0.));
#1798=DIRECTION('ref_axis',(0.,0.,1.));
#1799=DIRECTION('',(0.,0.,-1.));
#1800=DIRECTION('',(0.,0.,-1.));
#1801=DIRECTION('',(1.,0.,0.));
#1802=DIRECTION('',(0.,0.,1.));
#1803=DIRECTION('',(-1.,0.,0.));
#1804=DIRECTION('center_axis',(0.,0.,-1.));
#1805=DIRECTION('ref_axis',(0.707106781186547,0.707106781186548,0.));
#1806=DIRECTION('center_axis',(0.,0.,1.));
#1807=DIRECTION('ref_axis',(0.707106781186547,0.707106781186548,0.));
#1808=DIRECTION('center_axis',(0.,1.,0.));
#1809=DIRECTION('ref_axis',(0.,0.,1.));
#1810=DIRECTION('',(1.,0.,0.));
#1811=DIRECTION('',(0.,0.,1.));
#1812=DIRECTION('center_axis',(0.,0.,1.));
#1813=DIRECTION('ref_axis',(-0.707106781186547,0.707106781186547,0.));
#1814=DIRECTION('center_axis',(0.,0.,-1.));
#1815=DIRECTION('ref_axis',(-0.707106781186547,0.707106781186547,0.));
#1816=DIRECTION('center_axis',(0.,0.,-1.));
#1817=DIRECTION('ref_axis',(0.707106781186547,0.707106781186548,0.));
#1818=DIRECTION('center_axis',(0.,0.,-1.));
#1819=DIRECTION('ref_axis',(0.707106781186547,0.707106781186548,0.));
#1820=DIRECTION('',(0.,0.,-1.));
#1821=DIRECTION('center_axis',(-1.,0.,0.));
#1822=DIRECTION('ref_axis',(0.,1.,0.));
#1823=DIRECTION('',(0.,1.,0.));
#1824=DIRECTION('center_axis',(1.,0.,0.));
#1825=DIRECTION('ref_axis',(0.,-1.,0.));
#1826=DIRECTION('',(0.,1.,0.));
#1827=DIRECTION('center_axis',(0.,0.,-1.));
#1828=DIRECTION('ref_axis',(1.,0.,0.));
#1829=DIRECTION('',(0.,-1.,0.));
#1830=DIRECTION('center_axis',(0.,0.,1.));
#1831=DIRECTION('ref_axis',(-1.,0.,0.));
#1832=DIRECTION('',(0.,-1.,0.));
#1833=DIRECTION('center_axis',(1.,0.,0.));
#1834=DIRECTION('ref_axis',(0.,0.,1.));
#1835=DIRECTION('center_axis',(0.,0.,-1.));
#1836=DIRECTION('ref_axis',(1.,0.,0.));
#1837=DIRECTION('center_axis',(0.,0.,1.));
#1838=DIRECTION('ref_axis',(-1.,0.,0.));
#1839=DIRECTION('center_axis',(1.,0.,0.));
#1840=DIRECTION('ref_axis',(0.,0.,-1.));
#1841=DIRECTION('',(0.,0.,-1.));
#1842=DIRECTION('center_axis',(0.,1.,0.));
#1843=DIRECTION('ref_axis',(0.,0.,1.));
#1844=DIRECTION('center_axis',(0.,0.,-1.));
#1845=DIRECTION('ref_axis',(1.,0.,0.));
#1846=DIRECTION('',(0.,0.,-1.));
#1847=DIRECTION('center_axis',(0.,0.,1.));
#1848=DIRECTION('ref_axis',(1.,0.,0.));
#1849=DIRECTION('',(0.,0.,-1.));
#1850=DIRECTION('center_axis',(0.,0.,1.));
#1851=DIRECTION('ref_axis',(1.,0.,0.));
#1852=DIRECTION('',(0.,0.,-1.));
#1853=DIRECTION('center_axis',(0.,0.,-1.));
#1854=DIRECTION('ref_axis',(1.,0.,0.));
#1855=DIRECTION('center_axis',(1.,0.,0.));
#1856=DIRECTION('ref_axis',(0.,-1.,0.));
#1857=DIRECTION('',(0.,-1.,0.));
#1858=DIRECTION('',(0.,0.,-1.));
#1859=DIRECTION('',(0.,1.,0.));
#1860=DIRECTION('center_axis',(0.999999999958787,-9.07886319559054E-6,0.));
#1861=DIRECTION('ref_axis',(-9.07886319559054E-6,-0.999999999958787,0.));
#1862=DIRECTION('',(0.,0.,1.));
#1863=DIRECTION('',(9.07886319559054E-6,0.999999999958787,0.));
#1864=DIRECTION('',(-9.07886319559054E-6,-0.999999999958787,0.));
#1865=DIRECTION('center_axis',(0.,0.,1.));
#1866=DIRECTION('ref_axis',(-1.,1.22464679914735E-16,0.));
#1867=DIRECTION('',(-1.,1.22464679914735E-16,0.));
#1868=DIRECTION('',(-1.22464679914735E-16,-1.,0.));
#1869=DIRECTION('',(1.,-1.22464679914735E-16,0.));
#1870=DIRECTION('center_axis',(-1.22464679914735E-16,-1.,0.));
#1871=DIRECTION('ref_axis',(0.,0.,1.));
#1872=DIRECTION('',(1.,-1.22464679914735E-16,0.));
#1873=DIRECTION('',(-2.54984518909357E-33,3.12265974914472E-49,1.));
#1874=DIRECTION('',(-1.,1.22464679914735E-16,0.));
#1875=DIRECTION('',(0.,0.,-1.));
#1876=DIRECTION('',(1.,-1.22464679914735E-16,0.));
#1877=DIRECTION('',(0.,0.,-1.));
#1878=DIRECTION('center_axis',(0.,0.,-1.));
#1879=DIRECTION('ref_axis',(1.,-1.22464679914735E-16,0.));
#1880=DIRECTION('center_axis',(0.,0.,-1.));
#1881=DIRECTION('ref_axis',(1.,0.,0.));
#1882=DIRECTION('',(1.,-1.22464679914735E-16,0.));
#1883=DIRECTION('',(-1.22464679914735E-16,-1.,0.));
#1884=DIRECTION('center_axis',(0.,0.,1.));
#1885=DIRECTION('ref_axis',(1.,0.,0.));
#1886=DIRECTION('center_axis',(0.,0.,1.));
#1887=DIRECTION('ref_axis',(0.,1.,0.));
#1888=DIRECTION('',(-0.999235093820717,-0.0391053356602807,0.));
#1889=DIRECTION('center_axis',(0.,0.,-1.));
#1890=DIRECTION('ref_axis',(1.,0.,0.));
#1891=DIRECTION('',(1.,-1.22464679914735E-16,0.));
#1892=DIRECTION('center_axis',(0.,0.,-1.));
#1893=DIRECTION('ref_axis',(0.,1.,0.));
#1894=DIRECTION('center_axis',(0.999999999958787,-9.07886319559054E-6,0.));
#1895=DIRECTION('ref_axis',(-9.07886319559054E-6,-0.999999999958787,0.));
#1896=DIRECTION('',(0.,0.,1.));
#1897=DIRECTION('',(-9.07886319559054E-6,-0.999999999958787,0.));
#1898=DIRECTION('',(0.,0.,-1.));
#1899=DIRECTION('',(-9.07886319559054E-6,-0.999999999958787,0.));
#1900=DIRECTION('center_axis',(0.,0.,-1.));
#1901=DIRECTION('ref_axis',(1.,0.,0.));
#1902=DIRECTION('',(0.,0.,-1.));
#1903=DIRECTION('center_axis',(0.,0.,1.));
#1904=DIRECTION('ref_axis',(1.,0.,0.));
#1905=DIRECTION('center_axis',(0.,0.,-1.));
#1906=DIRECTION('ref_axis',(1.,0.,0.));
#1907=DIRECTION('',(0.,0.,-1.));
#1908=DIRECTION('center_axis',(0.,0.,-1.));
#1909=DIRECTION('ref_axis',(1.,0.,0.));
#1910=DIRECTION('center_axis',(1.,0.,0.));
#1911=DIRECTION('ref_axis',(0.,-1.,0.));
#1912=DIRECTION('',(0.,-1.,0.));
#1913=DIRECTION('',(0.,-1.,0.));
#1914=DIRECTION('center_axis',(0.,0.,-1.));
#1915=DIRECTION('ref_axis',(1.,0.,0.));
#1916=DIRECTION('',(0.,0.,-1.));
#1917=DIRECTION('center_axis',(0.,0.,1.));
#1918=DIRECTION('ref_axis',(1.,0.,0.));
#1919=DIRECTION('center_axis',(0.,0.,1.));
#1920=DIRECTION('ref_axis',(1.,0.,0.));
#1921=DIRECTION('',(0.,0.,1.));
#1922=DIRECTION('center_axis',(0.,0.,1.));
#1923=DIRECTION('ref_axis',(-1.,1.22464679914735E-16,0.));
#1924=DIRECTION('',(-1.22464679914735E-16,-1.,0.));
#1925=DIRECTION('',(-1.,1.22464679914735E-16,0.));
#1926=DIRECTION('center_axis',(0.0391053356602807,-0.999235093820717,0.));
#1927=DIRECTION('ref_axis',(-0.999235093820717,-0.0391053356602807,0.));
#1928=DIRECTION('',(0.,0.,1.));
#1929=DIRECTION('',(0.999235093820717,0.0391053356602807,0.));
#1930=DIRECTION('center_axis',(0.,0.,-1.));
#1931=DIRECTION('ref_axis',(-1.,0.,0.));
#1932=DIRECTION('center_axis',(0.,0.,-1.));
#1933=DIRECTION('ref_axis',(0.,1.,0.));
#1934=DIRECTION('',(-1.,1.22464679914735E-16,0.));
#1935=DIRECTION('center_axis',(0.,0.,1.));
#1936=DIRECTION('ref_axis',(0.,1.,0.));
#1937=DIRECTION('center_axis',(-1.22464679914735E-16,-1.,0.));
#1938=DIRECTION('ref_axis',(0.,0.,1.));
#1939=DIRECTION('',(0.,0.,1.));
#1940=DIRECTION('',(-1.,1.22464679914735E-16,0.));
#1941=DIRECTION('',(0.,0.,-1.));
#1942=DIRECTION('center_axis',(0.,0.,-1.));
#1943=DIRECTION('ref_axis',(-0.536996869428917,-0.843584235404825,0.));
#1944=DIRECTION('center_axis',(-1.22464679914735E-16,-1.,0.));
#1945=DIRECTION('ref_axis',(-1.,1.22464679914735E-16,0.));
#1946=DIRECTION('',(-2.54984518909357E-33,3.12265974914472E-49,1.));
#1947=DIRECTION('center_axis',(0.,0.,-1.));
#1948=DIRECTION('ref_axis',(1.,-1.22464679914735E-16,0.));
#1949=DIRECTION('',(-1.22464679914735E-16,-1.,0.));
#1950=DIRECTION('center_axis',(0.,0.,-1.));
#1951=DIRECTION('ref_axis',(0.,1.,0.));
#1952=DIRECTION('',(0.,0.,1.));
#1953=DIRECTION('center_axis',(1.,-1.22464679914735E-16,2.54984518909357E-33));
#1954=DIRECTION('ref_axis',(-2.54984518909357E-33,3.12265974914472E-49,
1.));
#1955=DIRECTION('center_axis',(-1.,1.22464679914735E-16,0.));
#1956=DIRECTION('ref_axis',(0.,0.,-1.));
#1957=CARTESIAN_POINT('',(0.,0.,0.));
#1958=CARTESIAN_POINT('Origin',(-0.0100000004749722,45.5162807093282,-26.67));
#1959=CARTESIAN_POINT('',(-3.21093484156458,45.4336965516546,-70.01));
#1960=CARTESIAN_POINT('',(-3.21093484156458,45.4336965516546,-26.67));
#1961=CARTESIAN_POINT('',(-3.21093484156458,45.4336965516546,-26.67));
#1962=CARTESIAN_POINT('',(-2.37405721940747,47.6759189812647,-70.01));
#1963=CARTESIAN_POINT('Origin',(-0.0100000004749722,45.5162807093282,-70.01));
#1964=CARTESIAN_POINT('',(-2.37405721940747,47.6759189812647,-26.67));
#1965=CARTESIAN_POINT('',(-2.37405721940747,47.6759189812647,-26.67));
#1966=CARTESIAN_POINT('Origin',(-0.0100000004749722,45.5162807093282,-26.67));
#1967=CARTESIAN_POINT('Ctrl Pts',(4.16333634234434E-16,0.110282306930407,
0.));
#1968=CARTESIAN_POINT('Ctrl Pts',(-15.423965761554,2.15206633409175,0.));
#1969=CARTESIAN_POINT('Ctrl Pts',(-15.8241619590064,23.5408680837044,0.));
#1970=CARTESIAN_POINT('Ctrl Pts',(-16.2243581564588,44.9296698333171,0.));
#1971=CARTESIAN_POINT('Ctrl Pts',(-0.897325392859338,48.0685464157385,0.));
#1972=CARTESIAN_POINT('Ctrl Pts',(4.16333634234434E-16,0.110282306930407,
-96.68));
#1973=CARTESIAN_POINT('Ctrl Pts',(-15.423965761554,2.15206633409175,-96.68));
#1974=CARTESIAN_POINT('Ctrl Pts',(-15.8241619590064,23.5408680837044,-96.68));
#1975=CARTESIAN_POINT('Ctrl Pts',(-16.2243581564588,44.9296698333171,-96.68));
#1976=CARTESIAN_POINT('Ctrl Pts',(-0.897325392859338,48.0685464157385,-96.68));
#1977=CARTESIAN_POINT('',(-0.897325392859335,48.0685464157385,-26.67));
#1978=CARTESIAN_POINT('Origin',(1.67000007932074,24.1650011477759,-26.67));
#1979=CARTESIAN_POINT('',(-0.897325392859335,48.0685464157385,-70.01));
#1980=CARTESIAN_POINT('Origin',(1.67000007932074,24.1650011477759,-70.01));
#1981=CARTESIAN_POINT('',(-0.897325392859335,48.0685464157385,-96.68));
#1982=CARTESIAN_POINT('',(-0.897325392859335,48.0685464157385,-83.345));
#1983=CARTESIAN_POINT('',(2.77555756156289E-16,0.110282306930412,-96.68));
#1984=CARTESIAN_POINT('Origin',(1.67000007932074,24.1650011477759,-96.68));
#1985=CARTESIAN_POINT('',(2.77555756156289E-16,0.110282306930407,0.));
#1986=CARTESIAN_POINT('',(0.,0.110282306930407,0.));
#1987=CARTESIAN_POINT('',(-0.897325392859335,48.0685464157385,0.));
#1988=CARTESIAN_POINT('Origin',(1.67000007932074,24.1650011477759,0.));
#1989=CARTESIAN_POINT('',(-0.897325392859335,48.0685464157385,-13.335));
#1990=CARTESIAN_POINT('Origin',(64.68,0.,-96.68));
#1991=CARTESIAN_POINT('',(-2.70721974718471,45.6787990961261,-96.68));
#1992=CARTESIAN_POINT('',(0.,1.81203658351725,-96.68));
#1993=CARTESIAN_POINT('Origin',(1.67000007932074,24.1650011477759,-96.68));
#1994=CARTESIAN_POINT('',(0.,3.34,-96.68));
#1995=CARTESIAN_POINT('',(-2.46519032881566E-31,0.,-96.68));
#1996=CARTESIAN_POINT('',(64.68,3.34,-96.68));
#1997=CARTESIAN_POINT('',(64.68,3.34,-96.68));
#1998=CARTESIAN_POINT('',(64.68,0.,-96.68));
#1999=CARTESIAN_POINT('',(64.68,0.,-96.68));
#2000=CARTESIAN_POINT('',(-2.46519032881566E-31,0.,-96.68));
#2001=CARTESIAN_POINT('',(64.68,0.,-96.68));
#2002=CARTESIAN_POINT('',(-2.46519032881566E-31,0.,-96.68));
#2003=CARTESIAN_POINT('Origin',(-0.0100000004749745,45.5162807093282,-96.68));
#2004=CARTESIAN_POINT('',(-0.0100000004749746,44.5162807093282,-96.68));
#2005=CARTESIAN_POINT('Origin',(-0.0100000004749745,45.5162807093282,-96.68));
#2006=CARTESIAN_POINT('Ctrl Pts',(0.,1.81203658351725,0.));
#2007=CARTESIAN_POINT('Ctrl Pts',(-12.1404553449291,3.85152314753233,0.));
#2008=CARTESIAN_POINT('Ctrl Pts',(-13.2661790068715,22.0923226188726,0.));
#2009=CARTESIAN_POINT('Ctrl Pts',(-14.3919026688138,40.3331220902128,0.));
#2010=CARTESIAN_POINT('Ctrl Pts',(-2.7072197471847,45.6787990961261,0.));
#2011=CARTESIAN_POINT('Ctrl Pts',(0.,1.81203658351725,-96.68));
#2012=CARTESIAN_POINT('Ctrl Pts',(-12.1404553449291,3.85152314753233,-96.68));
#2013=CARTESIAN_POINT('Ctrl Pts',(-13.2661790068715,22.0923226188726,-96.68));
#2014=CARTESIAN_POINT('Ctrl Pts',(-14.3919026688138,40.3331220902128,-96.68));
#2015=CARTESIAN_POINT('Ctrl Pts',(-2.7072197471847,45.6787990961261,-96.68));
#2016=CARTESIAN_POINT('',(-2.70721974718471,45.6787990961261,-26.67));
#2017=CARTESIAN_POINT('Origin',(1.67000007932074,24.1650011477759,-26.67));
#2018=CARTESIAN_POINT('',(-2.70721974718471,45.6787990961261,0.));
#2019=CARTESIAN_POINT('',(-2.70721974718471,45.6787990961261,-13.335));
#2020=CARTESIAN_POINT('',(0.,1.81203658351725,0.));
#2021=CARTESIAN_POINT('Origin',(1.67000007932074,24.1650011477759,0.));
#2022=CARTESIAN_POINT('',(0.,1.81203658351725,-1.67));
#2023=CARTESIAN_POINT('',(0.,1.81203658351725,0.));
#2024=CARTESIAN_POINT('',(0.,1.81203658351725,-95.01));
#2025=CARTESIAN_POINT('',(0.,1.81203658351725,0.));
#2026=CARTESIAN_POINT('',(0.,1.81203658351725,0.));
#2027=CARTESIAN_POINT('',(-2.70721974718471,45.6787990961261,-70.01));
#2028=CARTESIAN_POINT('',(-2.70721974718471,45.6787990961261,-83.345));
#2029=CARTESIAN_POINT('Origin',(1.67000007932074,24.1650011477759,-70.01));
#2030=CARTESIAN_POINT('Origin',(0.,0.,0.));
#2031=CARTESIAN_POINT('Origin',(-0.0100000004749745,45.5162807093282,0.));
#2032=CARTESIAN_POINT('',(0.,0.,0.));
#2033=CARTESIAN_POINT('',(0.,0.,0.));
#2034=CARTESIAN_POINT('',(64.68,0.,0.));
#2035=CARTESIAN_POINT('',(0.,0.,0.));
#2036=CARTESIAN_POINT('',(64.68,3.34,0.));
#2037=CARTESIAN_POINT('',(64.68,0.,0.));
#2038=CARTESIAN_POINT('',(0.,3.34,0.));
#2039=CARTESIAN_POINT('',(0.,3.34,0.));
#2040=CARTESIAN_POINT('',(0.,0.,0.));
#2041=CARTESIAN_POINT('',(-0.0100000004749746,44.5162807093282,0.));
#2042=CARTESIAN_POINT('Origin',(-0.0100000004749745,45.5162807093282,0.));
#2043=CARTESIAN_POINT('Origin',(-0.0100000004749745,45.5162807093282,-83.345));
#2044=CARTESIAN_POINT('Origin',(-0.0100000004749745,45.5162807093282,-70.01));
#2045=CARTESIAN_POINT('Origin',(-0.0100000004749745,48.2183922148157,-70.01));
#2046=CARTESIAN_POINT('',(-0.0100000004749746,44.5162807093282,-70.01));
#2047=CARTESIAN_POINT('Origin',(-0.0100000004749745,45.5162807093282,-70.01));
#2048=CARTESIAN_POINT('Origin',(-0.0100000004749745,45.5162807093282,-83.345));
#2049=CARTESIAN_POINT('',(-0.0100000004749746,44.5162807093282,-83.345));
#2050=CARTESIAN_POINT('Origin',(-0.0100000004749745,45.5162807093282,-13.335));
#2051=CARTESIAN_POINT('',(-0.0100000004749746,44.5162807093282,-26.67));
#2052=CARTESIAN_POINT('Origin',(-0.0100000004749745,45.5162807093282,-26.67));
#2053=CARTESIAN_POINT('',(-0.0100000004749746,44.5162807093282,-13.335));
#2054=CARTESIAN_POINT('Origin',(-0.0100000004749745,46.5162807093282,-26.67));
#2055=CARTESIAN_POINT('Origin',(-0.0100000004749745,45.5162807093282,-26.67));
#2056=CARTESIAN_POINT('Origin',(-0.0100000004749745,45.5162807093282,-13.335));
#2057=CARTESIAN_POINT('Origin',(0.,1.81203658351725,0.));
#2058=CARTESIAN_POINT('',(0.,1.80987980801534,-95.01));
#2059=CARTESIAN_POINT('',(0.,12.085,-95.01));
#2060=CARTESIAN_POINT('',(0.,1.80987980801534,-1.67));
#2061=CARTESIAN_POINT('',(0.,12.085,-1.67));
#2062=CARTESIAN_POINT('',(0.,1.80987980801534,-1.67));
#2063=CARTESIAN_POINT('Origin',(-2.46519032881566E-31,0.,-96.68));
#2064=CARTESIAN_POINT('',(-2.4226079141578E-31,3.34,-95.01));
#2065=CARTESIAN_POINT('',(0.,12.085,-95.01));
#2066=CARTESIAN_POINT('',(-2.46519032881566E-31,3.34,-96.68));
#2067=CARTESIAN_POINT('Origin',(-2.46519032881566E-31,0.,-96.68));
#2068=CARTESIAN_POINT('',(-4.25824146578626E-33,3.34,-1.67));
#2069=CARTESIAN_POINT('',(-2.46519032881566E-31,3.34,-96.68));
#2070=CARTESIAN_POINT('',(0.,12.085,-1.67));
#2071=CARTESIAN_POINT('Ctrl Pts',(1.67,1.67,-1.67));
#2072=CARTESIAN_POINT('Ctrl Pts',(0.832396359189562,1.67,-1.67));
#2073=CARTESIAN_POINT('Ctrl Pts',(-6.52256026967279E-15,1.80987980801534,
-1.67));
#2074=CARTESIAN_POINT('Ctrl Pts',(1.67,1.67,-95.01));
#2075=CARTESIAN_POINT('Ctrl Pts',(0.832396359189562,1.67,-95.01));
#2076=CARTESIAN_POINT('Ctrl Pts',(-6.52256026967279E-15,1.80987980801534,
-95.01));
#2077=CARTESIAN_POINT('',(1.67,1.67,-1.67));
#2078=CARTESIAN_POINT('Origin',(1.67,24.17,-1.67));
#2079=CARTESIAN_POINT('',(1.67,1.67,-95.01));
#2080=CARTESIAN_POINT('',(1.67,1.67,-25.005));
#2081=CARTESIAN_POINT('Origin',(1.67,24.17,-95.01));
#2082=CARTESIAN_POINT('Origin',(63.01,1.67,-95.01));
#2083=CARTESIAN_POINT('',(63.01,1.67,-1.67));
#2084=CARTESIAN_POINT('',(63.01,1.67,-95.01));
#2085=CARTESIAN_POINT('',(63.01,1.67,-71.675));
#2086=CARTESIAN_POINT('',(63.01,3.34,-1.67));
#2087=CARTESIAN_POINT('',(63.01,1.67,-1.67));
#2088=CARTESIAN_POINT('',(63.01,3.34,-95.01));
#2089=CARTESIAN_POINT('',(63.01,3.34,-95.01));
#2090=CARTESIAN_POINT('',(63.01,1.67,-95.01));
#2091=CARTESIAN_POINT('Origin',(1.67,1.67,-95.01));
#2092=CARTESIAN_POINT('',(17.005,1.67,-95.01));
#2093=CARTESIAN_POINT('',(13.255,3.34,-95.01));
#2094=CARTESIAN_POINT('Origin',(63.01,1.67,-1.67));
#2095=CARTESIAN_POINT('',(47.675,1.67,-1.67));
#2096=CARTESIAN_POINT('',(63.01,3.34,-1.67));
#2097=CARTESIAN_POINT('Origin',(32.34,3.34,-48.34));
#2098=CARTESIAN_POINT('',(64.68,3.34,0.));
#2099=CARTESIAN_POINT('Origin',(64.68,0.,0.));
#2100=CARTESIAN_POINT('',(64.68,0.,0.));
#2101=CARTESIAN_POINT('Origin',(-2.46519032881566E-31,0.,-96.68));
#2102=CARTESIAN_POINT('',(-2.46519032881566E-31,0.,-96.68));
#2103=CARTESIAN_POINT('Origin',(32.34,1.67,-48.34));
#2104=CARTESIAN_POINT('Origin',(32.34,0.,-48.34));
#2105=CARTESIAN_POINT('Origin',(-2.50928273999605,44.6096431765202,-1.67));
#2106=CARTESIAN_POINT('',(-4.70156915215287,44.5392658118426,-1.67));
#2107=CARTESIAN_POINT('',(-4.70156915215287,44.5392658118426,-95.01));
#2108=CARTESIAN_POINT('',(-4.70156915215287,44.5392658118426,-1.67));
#2109=CARTESIAN_POINT('',(-3.07553749274567,44.5914651150161,-1.67));
#2110=CARTESIAN_POINT('',(-1.11031304023551,44.6545532759428,-1.67));
#2111=CARTESIAN_POINT('',(-3.07553749274567,44.5914651150161,-95.01));
#2112=CARTESIAN_POINT('',(-3.07553749274567,44.5914651150161,0.));
#2113=CARTESIAN_POINT('',(29.5281123596933,45.6381162016441,-95.01));
#2114=CARTESIAN_POINT('Ctrl Pts',(1.67,1.67,-1.67));
#2115=CARTESIAN_POINT('Ctrl Pts',(-10.3541248469613,1.67,-1.67));
#2116=CARTESIAN_POINT('Ctrl Pts',(-12.9705713365023,19.2740057580947,-1.67));
#2117=CARTESIAN_POINT('Ctrl Pts',(-15.5870178260434,36.8780115161893,-1.67));
#2118=CARTESIAN_POINT('Ctrl Pts',(-4.70156915215286,44.5392658118426,-1.67));
#2119=CARTESIAN_POINT('Ctrl Pts',(1.67,1.67,-95.01));
#2120=CARTESIAN_POINT('Ctrl Pts',(-10.3541248469613,1.67,-95.01));
#2121=CARTESIAN_POINT('Ctrl Pts',(-12.9705713365023,19.2740057580947,-95.01));
#2122=CARTESIAN_POINT('Ctrl Pts',(-15.5870178260434,36.8780115161893,-95.01));
#2123=CARTESIAN_POINT('Ctrl Pts',(-4.70156915215286,44.5392658118426,-95.01));
#2124=CARTESIAN_POINT('',(1.67,1.67,-95.01));
#2125=CARTESIAN_POINT('Origin',(1.67,24.17,-95.01));
#2126=CARTESIAN_POINT('',(1.67,1.67,-1.67));
#2127=CARTESIAN_POINT('',(1.67,1.67,-25.005));
#2128=CARTESIAN_POINT('Origin',(1.67,24.17,-1.67));
#2129=CARTESIAN_POINT('Origin',(1.67,1.67,-1.67));
#2130=CARTESIAN_POINT('',(63.01,1.67,-1.67));
#2131=CARTESIAN_POINT('',(47.675,1.67,-1.67));
#2132=CARTESIAN_POINT('',(63.01,46.67,-1.67));
#2133=CARTESIAN_POINT('',(63.01,1.67,-1.67));
#2134=CARTESIAN_POINT('',(47.51,46.67,-1.67));
#2135=CARTESIAN_POINT('',(47.675,46.67,-1.67));
#2136=CARTESIAN_POINT('',(41.01,40.17,-1.67));
#2137=CARTESIAN_POINT('Origin',(47.51,40.17,-1.67));
#2138=CARTESIAN_POINT('',(41.01,8.34,-1.67));
#2139=CARTESIAN_POINT('',(41.01,24.17,-1.67));
#2140=CARTESIAN_POINT('',(36.01,3.34,-1.67));
#2141=CARTESIAN_POINT('Origin',(36.01,8.34,-1.67));
#2142=CARTESIAN_POINT('',(29.889999999525,3.34,-1.67));
#2143=CARTESIAN_POINT('',(21.34,3.34,-1.67));
#2144=CARTESIAN_POINT('',(24.889999999525,8.34,-1.67));
#2145=CARTESIAN_POINT('Origin',(29.889999999525,8.34,-1.67));
#2146=CARTESIAN_POINT('',(24.889999999525,40.17,-1.67));
#2147=CARTESIAN_POINT('',(24.889999999525,2.505,-1.67));
#2148=CARTESIAN_POINT('',(18.389999999525,46.67,-1.67));
#2149=CARTESIAN_POINT('Origin',(18.389999999525,40.17,-1.67));
#2150=CARTESIAN_POINT('',(2.97692748413721,46.67,-1.67));
#2151=CARTESIAN_POINT('',(47.675,46.67,-1.67));
#2152=CARTESIAN_POINT('Origin',(-0.0100000004749722,45.5162807093282,-1.67));
#2153=CARTESIAN_POINT('Origin',(63.01,1.67,-95.01));
#2154=CARTESIAN_POINT('',(2.97692748413721,46.67,-95.01));
#2155=CARTESIAN_POINT('Origin',(-0.0100000004749722,45.5162807093282,-95.01));
#2156=CARTESIAN_POINT('',(18.389999999525,46.67,-95.01));
#2157=CARTESIAN_POINT('',(17.005,46.67,-95.01));
#2158=CARTESIAN_POINT('',(24.889999999525,40.17,-95.01));
#2159=CARTESIAN_POINT('Origin',(18.389999999525,40.17,-95.01));
#2160=CARTESIAN_POINT('',(24.889999999525,8.34,-95.01));
#2161=CARTESIAN_POINT('',(24.889999999525,2.505,-95.01));
#2162=CARTESIAN_POINT('',(29.889999999525,3.34,-95.01));
#2163=CARTESIAN_POINT('Origin',(29.889999999525,8.34,-95.01));
#2164=CARTESIAN_POINT('',(36.01,3.34,-95.01));
#2165=CARTESIAN_POINT('',(52.01,3.34,-95.01));
#2166=CARTESIAN_POINT('',(41.01,8.34,-95.01));
#2167=CARTESIAN_POINT('Origin',(36.01,8.34,-95.01));
#2168=CARTESIAN_POINT('',(41.01,40.17,-95.01));
#2169=CARTESIAN_POINT('',(41.01,24.17,-95.01));
#2170=CARTESIAN_POINT('',(47.51,46.67,-95.01));
#2171=CARTESIAN_POINT('Origin',(47.51,40.17,-95.01));
#2172=CARTESIAN_POINT('',(63.01,46.67,-95.01));
#2173=CARTESIAN_POINT('',(17.005,46.67,-95.01));
#2174=CARTESIAN_POINT('',(63.01,1.67,-95.01));
#2175=CARTESIAN_POINT('',(63.01,1.67,-95.01));
#2176=CARTESIAN_POINT('',(17.005,1.67,-95.01));
#2177=CARTESIAN_POINT('Origin',(-0.0100000004749722,45.5162807093282,0.));
#2178=CARTESIAN_POINT('',(2.97692748413721,46.67,-3.34000000000001));
#2179=CARTESIAN_POINT('',(2.97692748413721,46.67,0.));
#2180=CARTESIAN_POINT('',(3.07814069596666,44.67,-3.34000000000001));
#2181=CARTESIAN_POINT('Origin',(-0.0100000004749722,45.5162807093282,-3.34000000000001));
#2182=CARTESIAN_POINT('',(3.07814069596666,44.67,-93.34));
#2183=CARTESIAN_POINT('',(3.07814069596666,44.67,0.));
#2184=CARTESIAN_POINT('',(2.97692748413721,46.67,-93.34));
#2185=CARTESIAN_POINT('Origin',(-0.0100000004749722,45.5162807093282,-93.34));
#2186=CARTESIAN_POINT('',(2.97692748413721,46.67,0.));
#2187=CARTESIAN_POINT('Origin',(32.34,46.67,-48.34));
#2188=CARTESIAN_POINT('',(18.389999999525,46.67,-3.34000000000001));
#2189=CARTESIAN_POINT('',(18.389999999525,46.67,-25.005));
#2190=CARTESIAN_POINT('',(17.84,46.67,-3.34000000000001));
#2191=CARTESIAN_POINT('Origin',(3.11499999976252,44.67,-48.34));
#2192=CARTESIAN_POINT('',(3.34,44.67,-3.34000000000001));
#2193=CARTESIAN_POINT('',(2.88999999952503,44.67,-3.34000000000001));
#2194=CARTESIAN_POINT('',(3.34,44.67,-93.34));
#2195=CARTESIAN_POINT('',(3.34,44.67,-25.84));
#2196=CARTESIAN_POINT('',(2.88999999952503,44.67,-93.34));
#2197=CARTESIAN_POINT('Origin',(3.34,46.67,-3.34000000000001));
#2198=CARTESIAN_POINT('',(3.34,3.34,-3.34000000000001));
#2199=CARTESIAN_POINT('',(3.34,46.67,-3.34000000000001));
#2200=CARTESIAN_POINT('',(3.34,3.34,-93.34));
#2201=CARTESIAN_POINT('',(3.34,3.34,-3.34000000000001));
#2202=CARTESIAN_POINT('',(3.34,46.67,-93.34));
#2203=CARTESIAN_POINT('Origin',(29.889999999525,8.34,-25.005));
#2204=CARTESIAN_POINT('',(24.889999999525,8.34,-93.34));
#2205=CARTESIAN_POINT('',(29.889999999525,3.34,-93.34));
#2206=CARTESIAN_POINT('Origin',(29.889999999525,8.34,-93.34));
#2207=CARTESIAN_POINT('',(29.889999999525,3.34,-25.005));
#2208=CARTESIAN_POINT('',(24.889999999525,8.34,-25.005));
#2209=CARTESIAN_POINT('Origin',(32.34,3.34,-48.34));
#2210=CARTESIAN_POINT('',(3.34,3.34,-93.34));
#2211=CARTESIAN_POINT('',(29.889999999525,3.34,-3.34000000000001));
#2212=CARTESIAN_POINT('',(61.34,3.34,-3.34000000000001));
#2213=CARTESIAN_POINT('',(29.889999999525,3.34,-25.005));
#2214=CARTESIAN_POINT('',(36.01,3.34,-3.34000000000001));
#2215=CARTESIAN_POINT('',(36.01,3.34,-25.005));
#2216=CARTESIAN_POINT('',(61.34,3.34,-3.34000000000001));
#2217=CARTESIAN_POINT('',(61.34,3.34,-3.34000000000001));
#2218=CARTESIAN_POINT('',(61.34,3.34,-93.34));
#2219=CARTESIAN_POINT('',(61.34,3.34,-93.34));
#2220=CARTESIAN_POINT('',(36.01,3.34,-93.34));
#2221=CARTESIAN_POINT('',(3.34,3.34,-93.34));
#2222=CARTESIAN_POINT('',(36.01,3.34,-25.005));
#2223=CARTESIAN_POINT('Origin',(36.01,8.34,-25.005));
#2224=CARTESIAN_POINT('',(41.01,8.34,-93.34));
#2225=CARTESIAN_POINT('Origin',(36.01,8.34,-93.34));
#2226=CARTESIAN_POINT('',(41.01,8.34,-25.005));
#2227=CARTESIAN_POINT('Origin',(41.01,46.67,-1.67));
#2228=CARTESIAN_POINT('',(41.01,40.17,-93.34));
#2229=CARTESIAN_POINT('',(41.01,46.67,-93.34));
#2230=CARTESIAN_POINT('',(41.01,40.17,-25.005));
#2231=CARTESIAN_POINT('Origin',(36.01,8.34,-25.005));
#2232=CARTESIAN_POINT('',(41.01,8.34,-3.34000000000001));
#2233=CARTESIAN_POINT('Origin',(36.01,8.34,-3.34000000000001));
#2234=CARTESIAN_POINT('',(41.01,8.34,-25.005));
#2235=CARTESIAN_POINT('Origin',(29.889999999525,8.34,-25.005));
#2236=CARTESIAN_POINT('',(24.889999999525,8.34,-3.34000000000001));
#2237=CARTESIAN_POINT('Origin',(29.889999999525,8.34,-3.34000000000001));
#2238=CARTESIAN_POINT('',(24.889999999525,8.34,-25.005));
#2239=CARTESIAN_POINT('Origin',(24.889999999525,3.34,-1.67));
#2240=CARTESIAN_POINT('',(24.889999999525,40.17,-3.34000000000001));
#2241=CARTESIAN_POINT('',(24.889999999525,25.005,-3.34000000000001));
#2242=CARTESIAN_POINT('',(24.889999999525,40.17,-25.005));
#2243=CARTESIAN_POINT('Origin',(47.51,40.17,-25.005));
#2244=CARTESIAN_POINT('',(47.51,46.67,-3.34000000000001));
#2245=CARTESIAN_POINT('',(47.51,46.67,-25.005));
#2246=CARTESIAN_POINT('',(41.01,40.17,-3.34000000000001));
#2247=CARTESIAN_POINT('Origin',(47.51,40.17,-3.34000000000001));
#2248=CARTESIAN_POINT('',(41.01,40.17,-25.005));
#2249=CARTESIAN_POINT('Origin',(32.34,46.67,-48.34));
#2250=CARTESIAN_POINT('',(63.01,46.67,-71.675));
#2251=CARTESIAN_POINT('',(47.51,46.67,-93.34));
#2252=CARTESIAN_POINT('',(47.51,46.67,-25.005));
#2253=CARTESIAN_POINT('',(61.34,46.67,-93.34));
#2254=CARTESIAN_POINT('',(17.84,46.67,-93.34));
#2255=CARTESIAN_POINT('',(61.34,46.67,-3.34000000000001));
#2256=CARTESIAN_POINT('',(61.34,46.67,-70.84));
#2257=CARTESIAN_POINT('',(46.84,46.67,-3.34000000000001));
#2258=CARTESIAN_POINT('Origin',(18.389999999525,40.17,-25.005));
#2259=CARTESIAN_POINT('Origin',(18.389999999525,40.17,-3.34000000000001));
#2260=CARTESIAN_POINT('Origin',(32.34,46.67,-48.34));
#2261=CARTESIAN_POINT('',(18.389999999525,46.67,-93.34));
#2262=CARTESIAN_POINT('',(17.84,46.67,-93.34));
#2263=CARTESIAN_POINT('',(18.389999999525,46.67,-25.005));
#2264=CARTESIAN_POINT('Origin',(47.51,40.17,-25.005));
#2265=CARTESIAN_POINT('Origin',(47.51,40.17,-93.34));
#2266=CARTESIAN_POINT('Origin',(18.389999999525,40.17,-25.005));
#2267=CARTESIAN_POINT('',(24.889999999525,40.17,-93.34));
#2268=CARTESIAN_POINT('Origin',(18.389999999525,40.17,-93.34));
#2269=CARTESIAN_POINT('',(24.889999999525,40.17,-25.005));
#2270=CARTESIAN_POINT('Origin',(24.889999999525,3.34,-1.67));
#2271=CARTESIAN_POINT('',(24.889999999525,25.005,-93.34));
#2272=CARTESIAN_POINT('Origin',(41.01,46.67,-1.67));
#2273=CARTESIAN_POINT('',(41.01,46.67,-3.34000000000001));
#2274=CARTESIAN_POINT('Origin',(3.34,46.67,-93.34));
#2275=CARTESIAN_POINT('',(61.34,46.67,-93.34));
#2276=CARTESIAN_POINT('Origin',(61.34,46.67,-3.34000000000001));
#2277=CARTESIAN_POINT('',(61.34,46.67,-3.34000000000001));
#2278=CARTESIAN_POINT('Origin',(61.34,46.67,-93.34));
#2279=CARTESIAN_POINT('Origin',(3.34,46.67,-93.34));
#2280=CARTESIAN_POINT('Origin',(61.34,46.67,-3.34000000000001));
#2281=CARTESIAN_POINT('Origin',(63.01,1.67,-1.67));
#2282=CARTESIAN_POINT('',(63.01,1.67,-71.675));
#2283=CARTESIAN_POINT('Origin',(32.34,1.67,-48.34));
#2284=CARTESIAN_POINT('Origin',(-0.0100000004749722,45.5162807093282,-69.61));
#2285=CARTESIAN_POINT('',(2.98077083396639,46.66,-69.61));
#2286=CARTESIAN_POINT('',(2.98077083396639,46.66,-95.01));
#2287=CARTESIAN_POINT('',(2.98077083396639,46.66,-69.61));
#2288=CARTESIAN_POINT('',(2.59999994188547,47.3711942655023,-69.61));
#2289=CARTESIAN_POINT('Origin',(-0.0100000004749722,45.5162807093282,-69.61));
#2290=CARTESIAN_POINT('',(2.59999994188547,47.3711942655023,-96.68));
#2291=CARTESIAN_POINT('',(2.59999994188547,47.3711942655023,-69.61));
#2292=CARTESIAN_POINT('',(3.14845414910344,44.99,-96.68));
#2293=CARTESIAN_POINT('Origin',(-0.0100000004749722,45.5162807093282,-96.68));
#2294=CARTESIAN_POINT('',(3.14845414910343,44.99,-95.01));
#2295=CARTESIAN_POINT('',(3.14845414910343,44.99,-69.61));
#2296=CARTESIAN_POINT('Origin',(-0.0100000004749722,45.5162807093282,-95.01));
#2297=CARTESIAN_POINT('Origin',(2.59999994188547,48.2999989204109,-69.61));
#2298=CARTESIAN_POINT('',(2.59999994188547,48.2999989204109,-69.61));
#2299=CARTESIAN_POINT('',(2.59999994188547,48.2999989204109,-69.61));
#2300=CARTESIAN_POINT('',(2.59999994188547,48.2999989204109,-96.68));
#2301=CARTESIAN_POINT('',(2.59999994188547,48.2999989204109,-69.61));
#2302=CARTESIAN_POINT('',(2.59999994188547,48.3149994602054,-96.68));
#2303=CARTESIAN_POINT('Origin',(2.60000012349337,48.3200022950768,-69.61));
#2304=CARTESIAN_POINT('',(2.60000005443066,48.3123953170517,-96.68));
#2305=CARTESIAN_POINT('',(2.60000005443066,48.3123953170517,-69.61));
#2306=CARTESIAN_POINT('',(2.60000005443066,48.3123953170517,0.));
#2307=CARTESIAN_POINT('',(2.60000016876971,48.324989299621,-96.68));
#2308=CARTESIAN_POINT('',(2.60000012349337,48.3200022950768,-69.61));
#2309=CARTESIAN_POINT('Origin',(63.,46.66,-95.01));
#2310=CARTESIAN_POINT('',(63.,44.99,-95.01));
#2311=CARTESIAN_POINT('',(63.,44.99,-95.01));
#2312=CARTESIAN_POINT('',(63.,46.66,-95.01));
#2313=CARTESIAN_POINT('',(63.,46.66,-95.01));
#2314=CARTESIAN_POINT('',(47.665,46.66,-95.01));
#2315=CARTESIAN_POINT('Origin',(32.33,44.99,-48.34));
#2316=CARTESIAN_POINT('',(64.67,44.99,-96.68));
#2317=CARTESIAN_POINT('',(-0.0100000000000033,44.99,-96.68));
#2318=CARTESIAN_POINT('',(64.67,44.99,0.));
#2319=CARTESIAN_POINT('',(64.67,44.99,-96.68));
#2320=CARTESIAN_POINT('',(3.14845414910343,44.99,0.));
#2321=CARTESIAN_POINT('',(64.67,44.99,0.));
#2322=CARTESIAN_POINT('',(3.14845414910343,44.99,-1.67));
#2323=CARTESIAN_POINT('',(3.14845414910343,44.99,0.));
#2324=CARTESIAN_POINT('',(63.,44.99,-1.67));
#2325=CARTESIAN_POINT('',(13.25,44.99,-1.67));
#2326=CARTESIAN_POINT('',(63.,44.99,-1.67));
#2327=CARTESIAN_POINT('Origin',(-0.0100000000000033,48.33,-96.68));
#2328=CARTESIAN_POINT('',(2.84184652677523,48.33,-96.68));
#2329=CARTESIAN_POINT('Origin',(2.84184652677523,46.66,-96.68));
#2330=CARTESIAN_POINT('',(64.67,48.33,-96.68));
#2331=CARTESIAN_POINT('',(-0.0100000000000033,48.33,-96.68));
#2332=CARTESIAN_POINT('',(64.67,48.33,-96.68));
#2333=CARTESIAN_POINT('Origin',(-0.0100000004749745,48.2183922148157,-69.61));
#2334=CARTESIAN_POINT('',(-0.0100000004749745,48.2183922148157,-69.61));
#2335=CARTESIAN_POINT('',(2.43812433710133,46.66,-69.61));
#2336=CARTESIAN_POINT('Origin',(-0.0100000004749745,45.5162807093282,-69.61));
#2337=CARTESIAN_POINT('',(2.71133461145908,48.3248923808945,-69.61));
#2338=CARTESIAN_POINT('',(1.35066730549205,48.2716422978551,-69.61));
#2339=CARTESIAN_POINT('Origin',(2.84184652677523,46.66,-69.61));
#2340=CARTESIAN_POINT('',(16.1602662894901,46.66,-69.61));
#2341=CARTESIAN_POINT('',(-0.0100000004749746,44.5162807093282,-69.61));
#2342=CARTESIAN_POINT('Origin',(-0.0100000004749745,45.5162807093282,-69.61));
#2343=CARTESIAN_POINT('Origin',(2.60000012349337,48.3200022950768,0.));
#2344=CARTESIAN_POINT('',(2.60000005443066,48.3123953170517,-27.07));
#2345=CARTESIAN_POINT('',(2.60000005443066,48.3123953170517,0.));
#2346=CARTESIAN_POINT('',(2.60000005443066,48.3123953170517,0.));
#2347=CARTESIAN_POINT('',(2.59999994188547,48.2999989204109,-27.07));
#2348=CARTESIAN_POINT('',(2.60000012349337,48.3200022950768,-27.07));
#2349=CARTESIAN_POINT('',(2.59999994188547,48.2999989204109,0.));
#2350=CARTESIAN_POINT('',(2.59999994188547,48.2999989204109,0.));
#2351=CARTESIAN_POINT('',(2.60000017143535,48.3252829100567,0.));
#2352=CARTESIAN_POINT('Origin',(-0.0100000004749722,45.5162807093282,0.));
#2353=CARTESIAN_POINT('',(2.98077083396639,46.66,-1.67));
#2354=CARTESIAN_POINT('',(2.98077083396639,46.66,-27.07));
#2355=CARTESIAN_POINT('',(2.98077083396639,46.66,0.));
#2356=CARTESIAN_POINT('Origin',(-0.0100000004749722,45.5162807093282,-1.67));
#2357=CARTESIAN_POINT('',(2.59999994188547,47.3711942655023,0.));
#2358=CARTESIAN_POINT('Origin',(-0.0100000004749722,45.5162807093282,0.));
#2359=CARTESIAN_POINT('',(2.59999994188547,47.3711942655023,-27.07));
#2360=CARTESIAN_POINT('',(2.59999994188547,47.3711942655023,0.));
#2361=CARTESIAN_POINT('Origin',(-0.0100000004749722,45.5162807093282,-27.07));
#2362=CARTESIAN_POINT('Origin',(2.59999994188547,48.2999989204109,0.));
#2363=CARTESIAN_POINT('',(2.59999994188547,48.3149994602054,0.));
#2364=CARTESIAN_POINT('',(2.59999994188547,48.2999989204109,-27.07));
#2365=CARTESIAN_POINT('Origin',(2.84184652677523,46.66,0.));
#2366=CARTESIAN_POINT('',(2.71133461145908,48.3248923808945,-27.07));
#2367=CARTESIAN_POINT('',(2.71133461145908,48.3248923808945,-26.67));
#2368=CARTESIAN_POINT('Origin',(2.84184652677523,46.66,-27.07));
#2369=CARTESIAN_POINT('',(2.84184652677523,48.33,0.));
#2370=CARTESIAN_POINT('Origin',(2.84184652677523,46.66,0.));
#2371=CARTESIAN_POINT('',(2.84184652677523,48.33,0.));
#2372=CARTESIAN_POINT('Origin',(64.67,48.33,0.));
#2373=CARTESIAN_POINT('',(64.67,48.33,0.));
#2374=CARTESIAN_POINT('',(64.67,48.33,0.));
#2375=CARTESIAN_POINT('',(64.67,48.33,0.));
#2376=CARTESIAN_POINT('Origin',(2.71133461145908,48.3248923808945,-26.67));
#2377=CARTESIAN_POINT('',(-0.0100000004749745,48.2183922148157,-27.07));
#2378=CARTESIAN_POINT('',(-0.0100000000000033,48.2183922148157,-48.34));
#2379=CARTESIAN_POINT('',(1.31741194132093,48.2703408401837,-27.07));
#2380=CARTESIAN_POINT('Origin',(-0.0100000004749745,46.5162807093282,-27.07));
#2381=CARTESIAN_POINT('',(2.43812433710133,46.66,-27.07));
#2382=CARTESIAN_POINT('Origin',(-0.0100000004749745,45.5162807093282,-27.07));
#2383=CARTESIAN_POINT('',(16.1602662894901,46.66,-27.07));
#2384=CARTESIAN_POINT('',(-0.0100000004749746,44.5162807093282,-27.07));
#2385=CARTESIAN_POINT('Origin',(-0.0100000004749745,45.5162807093282,-27.07));
#2386=CARTESIAN_POINT('Origin',(32.33,46.66,-48.34));
#2387=CARTESIAN_POINT('',(63.,46.66,-1.67));
#2388=CARTESIAN_POINT('',(63.,46.66,-25.005));
#2389=CARTESIAN_POINT('',(16.995,46.66,-1.67));
#2390=CARTESIAN_POINT('',(2.43812433710133,46.66,-48.34));
#2391=CARTESIAN_POINT('Origin',(-0.0100000004749745,45.5162807093282,-48.34));
#2392=CARTESIAN_POINT('Origin',(32.33,48.33,-48.34));
#2393=CARTESIAN_POINT('',(64.67,48.33,-96.68));
#2394=CARTESIAN_POINT('Origin',(1.66,46.66,-1.67));
#2395=CARTESIAN_POINT('',(63.,46.66,-1.67));
#2396=CARTESIAN_POINT('Origin',(-0.0100000004749745,45.5162807093282,-48.34));
#2397=CARTESIAN_POINT('',(-0.0100000004749746,44.5162807093282,-48.34));
#2398=CARTESIAN_POINT('Origin',(64.67,48.33,-96.68));
#2399=CARTESIAN_POINT('Origin',(63.,46.66,-1.67));
#2400=UNCERTAINTY_MEASURE_WITH_UNIT(LENGTH_MEASURE(0.01),#2404,
'DISTANCE_ACCURACY_VALUE',
'Maximum model space distance between geometric entities at asserted c
onnectivities');
#2401=UNCERTAINTY_MEASURE_WITH_UNIT(LENGTH_MEASURE(0.01),#2404,
'DISTANCE_ACCURACY_VALUE',
'Maximum model space distance between geometric entities at asserted c
onnectivities');
#2402=(
GEOMETRIC_REPRESENTATION_CONTEXT(3)
GLOBAL_UNCERTAINTY_ASSIGNED_CONTEXT((#2400))
GLOBAL_UNIT_ASSIGNED_CONTEXT((#2404,#2406,#2407))
REPRESENTATION_CONTEXT('','3D')
);
#2403=(
GEOMETRIC_REPRESENTATION_CONTEXT(3)
GLOBAL_UNCERTAINTY_ASSIGNED_CONTEXT((#2401))
GLOBAL_UNIT_ASSIGNED_CONTEXT((#2404,#2406,#2407))
REPRESENTATION_CONTEXT('','3D')
);
#2404=(
LENGTH_UNIT()
NAMED_UNIT(*)
SI_UNIT(.MILLI.,.METRE.)
);
#2405=(
LENGTH_UNIT()
NAMED_UNIT(*)
SI_UNIT($,.METRE.)
);
#2406=(
NAMED_UNIT(*)
PLANE_ANGLE_UNIT()
SI_UNIT($,.RADIAN.)
);
#2407=(
NAMED_UNIT(*)
SI_UNIT($,.STERADIAN.)
SOLID_ANGLE_UNIT()
);
#2408=SHAPE_DEFINITION_REPRESENTATION(#2409,#2410);
#2409=PRODUCT_DEFINITION_SHAPE('',$,#2412);
#2410=SHAPE_REPRESENTATION('',(#1430),#2402);
#2411=PRODUCT_DEFINITION_CONTEXT('part definition',#2416,'design');
#2412=PRODUCT_DEFINITION('Krabi\X2\010D\X0\ka na karty 3',
'Krabi\X2\010D\X0\ka na karty 3 v11',#2413,#2411);
#2413=PRODUCT_DEFINITION_FORMATION('',$,#2418);
#2414=PRODUCT_RELATED_PRODUCT_CATEGORY('Krabi\X2\010D\X0\ka na karty 3
 v11','Krabi\X2\010D\X0\ka na karty 3 v11',(#2418));
#2415=APPLICATION_PROTOCOL_DEFINITION('international standard',
'automotive_design',2009,#2416);
#2416=APPLICATION_CONTEXT(
'Core Data for Automotive Mechanical Design Process');
#2417=PRODUCT_CONTEXT('part definition',#2416,'mechanical');
#2418=PRODUCT('Krabi\X2\010D\X0\ka na karty 3',
'Krabi\X2\010D\X0\ka na karty 3 v11',$,(#2417));
#2419=PRESENTATION_STYLE_ASSIGNMENT((#2420));
#2420=SURFACE_STYLE_USAGE(.BOTH.,#2421);
#2421=SURFACE_SIDE_STYLE('',(#2422));
#2422=SURFACE_STYLE_FILL_AREA(#2423);
#2423=FILL_AREA_STYLE('Steel - Satin',(#2424));
#2424=FILL_AREA_STYLE_COLOUR('Steel - Satin',#2425);
#2425=COLOUR_RGB('Steel - Satin',0.627450980392157,0.627450980392157,0.627450980392157);
ENDSEC;
END-ISO-10303-21;
